ID,Form_ID,Form,Cognateset_ID,Doubt,Cognate_Detection_Method,Source,Alignment,Alignment_Method,Alignment_Source
NaMeoTuyenQuang-1_one-1-1,NaMeoTuyenQuang-1_one-1,tɕu⁵⁵,1,false,expert,,,,
NaMeoTuyenQuang-2_two-1-1,NaMeoTuyenQuang-2_two-1,ɔ⁵³,2,false,expert,,,,
NaMeoTuyenQuang-3_three-1-1,NaMeoTuyenQuang-3_three-1,pai⁵³,3,false,expert,,,,
NaMeoCaoBang-3_three-1-1,NaMeoCaoBang-3_three-1,pɑi³³,3,false,expert,,,,
Zhenmin-3_three-1-1,Zhenmin-3_three-1,pe³³,3,false,expert,,,,
Guncen-3_three-1-1,Guncen-3_three-1,pan1,3,false,expert,,,,
SouthernQiandong-3_three-1-1,SouthernQiandong-3_three-1,pai¹³,3,false,expert,,,,
Datu-3_three-1-1,Datu-3_three-1,pe²⁴,3,false,expert,,,,
Yangpai-3_three-1-1,Yangpai-3_three-1,pɑ³³,3,false,expert,,,,
EasternQiandong-3_three-1-1,EasternQiandong-3_three-1,pɛ²⁴,3,false,expert,,,,
Xiangao-3_three-1-1,Xiangao-3_three-1,pei³³,3,false,expert,,,,
WesternQiandong-3_three-1-1,WesternQiandong-3_three-1,poi⁴⁴,3,false,expert,,,,
Baixing-3_three-1-1,Baixing-3_three-1,pue⁴⁴,3,false,expert,,,,
NorthernQiandong-3_three-1-1,NorthernQiandong-3_three-1,pi³³,3,false,expert,,,,
NaMeoTuyenQuang-4_four-1-1,NaMeoTuyenQuang-4_four-1,tɬɔ⁵³,4,false,expert,,,,
NaMeoCaoBang-4_four-1-1,NaMeoCaoBang-4_four-1,ɬɔ³³,4,false,expert,,,,
Zhenmin-4_four-1-1,Zhenmin-4_four-1,ɬɒ³³,4,false,expert,,,,
Guncen-4_four-1-1,Guncen-4_four-1,ɬau1,4,false,expert,,,,
SouthernQiandong-4_four-1-1,SouthernQiandong-4_four-1,tɬɔ¹³,4,false,expert,,,,
Datu-4_four-1-1,Datu-4_four-1,ɬɑ²⁴,4,false,expert,,,,
Yangpai-4_four-1-1,Yangpai-4_four-1,ɬo³³,4,false,expert,,,,
EasternQiandong-4_four-1-1,EasternQiandong-4_four-1,so²⁴,4,false,expert,,,,
Xiangao-4_four-1-1,Xiangao-4_four-1,ɬau³³,4,false,expert,,,,
WesternQiandong-4_four-1-1,WesternQiandong-4_four-1,ɬɔ⁴⁴,4,false,expert,,,,
Baixing-4_four-1-1,Baixing-4_four-1,ɬɔ⁴⁴,4,false,expert,,,,
NorthernQiandong-4_four-1-1,NorthernQiandong-4_four-1,ɬo³³,4,false,expert,,,,
NaMeoTuyenQuang-5_five-1-1,NaMeoTuyenQuang-5_five-1,tɕei⁵³,5,false,expert,,,,
NaMeoCaoBang-5_five-1-1,NaMeoCaoBang-5_five-1,tsei³³,5,false,expert,,,,
Zhenmin-5_five-1-1,Zhenmin-5_five-1,tsi³³,5,false,expert,,,,
Guncen-5_five-1-1,Guncen-5_five-1,tsəi1,5,false,expert,,,,
SouthernQiandong-5_five-1-1,SouthernQiandong-5_five-1,tɕi¹³,5,false,expert,,,,
Datu-5_five-1-1,Datu-5_five-1,tsɑ²⁴,5,false,expert,,,,
Yangpai-5_five-1-1,Yangpai-5_five-1,tsɑ³³,5,false,expert,,,,
EasternQiandong-5_five-1-1,EasternQiandong-5_five-1,tsa²⁴,5,false,expert,,,,
Xiangao-5_five-1-1,Xiangao-5_five-1,tsi³³,5,false,expert,,,,
WesternQiandong-5_five-1-1,WesternQiandong-5_five-1,pja⁴⁴,5,false,expert,,,,
Baixing-5_five-1-1,Baixing-5_five-1,pja⁴⁴,5,false,expert,,,,
NorthernQiandong-5_five-1-1,NorthernQiandong-5_five-1,tsa³³,5,false,expert,,,,
NaMeoTuyenQuang-6_six-1-1,NaMeoTuyenQuang-6_six-1,tɯ³⁵,6,false,expert,,,,
NaMeoTuyenQuang-7_seven-1-1,NaMeoTuyenQuang-7_seven-1,tsʰauŋ³³,7,false,expert,,,,
NaMeoCaoBang-7_seven-1-1,NaMeoCaoBang-7_seven-1,ɕɔŋ¹¹,7,false,expert,,,,
Zhenmin-7_seven-1-1,Zhenmin-7_seven-1,ɕɦoŋ²²,7,false,expert,,,,
Guncen-7_seven-1-1,Guncen-7_seven-1,ɕioŋ6,7,false,expert,,,,
SouthernQiandong-7_seven-1-1,SouthernQiandong-7_seven-1,tsam²²,7,false,expert,,,,
Datu-7_seven-1-1,Datu-7_seven-1,sɦoŋ¹²,7,false,expert,,,,
Yangpai-7_seven-1-1,Yangpai-7_seven-1,ɕɦoŋ²³,7,false,expert,,,,
EasternQiandong-7_seven-1-1,EasternQiandong-7_seven-1,ɕuŋ⁵³,7,false,expert,,,,
Xiangao-7_seven-1-1,Xiangao-7_seven-1,ɕoŋ⁵³,7,false,expert,,,,
WesternQiandong-7_seven-1-1,WesternQiandong-7_seven-1,ɕuŋ²²,7,false,expert,,,,
Baixing-7_seven-1-1,Baixing-7_seven-1,ɕoŋ⁴²,7,false,expert,,,,
NorthernQiandong-7_seven-1-1,NorthernQiandong-7_seven-1,ɕoŋ¹³,7,false,expert,,,,
NaMeoTuyenQuang-8_eight-1-1,NaMeoTuyenQuang-8_eight-1,zi³³,8,false,expert,,,,
NaMeoTuyenQuang-9_nine-1-1,NaMeoTuyenQuang-9_nine-1,tɕau⁵⁵,9,false,expert,,,,
NaMeoTuyenQuang-10_ten-1-1,NaMeoTuyenQuang-10_ten-1,tɕu³³,10,false,expert,,,,
NaMeoCaoBang-10_ten-1-1,NaMeoCaoBang-10_ten-1,tɕu³¹ʔ,10,false,expert,,,,
Zhenmin-10_ten-1-1,Zhenmin-10_ten-1,tɕu²¹²,10,false,expert,,,,
Guncen-10_ten-1-1,Guncen-10_ten-1,tɕiu8,10,false,expert,,,,
SouthernQiandong-10_ten-1-1,SouthernQiandong-10_ten-1,tɕu²⁴,10,false,expert,,,,
Datu-10_ten-1-1,Datu-10_ten-1,tɕu³⁵,10,false,expert,,,,
Yangpai-10_ten-1-1,Yangpai-10_ten-1,tɕu⁵³,10,false,expert,,,,
EasternQiandong-10_ten-1-1,EasternQiandong-10_ten-1,tɕeu¹³,10,false,expert,,,,
Xiangao-10_ten-1-1,Xiangao-10_ten-1,tɕu¹²,10,false,expert,,,,
WesternQiandong-10_ten-1-1,WesternQiandong-10_ten-1,tɕu⁵³,10,false,expert,,,,
Baixing-10_ten-1-1,Baixing-10_ten-1,tɕo⁵³,10,false,expert,,,,
NorthernQiandong-10_ten-1-1,NorthernQiandong-10_ten-1,tɕu³¹,10,false,expert,,,,
NaMeoTuyenQuang-11_above-1-1,NaMeoTuyenQuang-11_above-1,ke³³pai⁵³,11,false,expert,,,,
NaMeoTuyenQuang-12_afternoon-1-1,NaMeoTuyenQuang-12_afternoon-1,tioŋ⁵³tɕai³³,12,false,expert,,,,
NaMeoTuyenQuang-13_yousg-1-1,NaMeoTuyenQuang-13_yousg-1,təi³³,13,false,expert,,,,
NaMeoTuyenQuang-14_he-1-1,NaMeoTuyenQuang-14_he-1,va⁵³təi³³,14,false,expert,,,,
NaMeoTuyenQuang-15_ant-1-1,NaMeoTuyenQuang-15_ant-1,kin³³phi⁵⁵,15,false,expert,,,,
NaMeoTuyenQuang-16_ash-1-1,NaMeoTuyenQuang-16_ash-1,paʔ⁵³,16,false,expert,,,,
NaMeoTuyenQuang-17_autonym-1-1,NaMeoTuyenQuang-17_autonym-1,mjau³⁵ɬa⁵³,17,false,expert,,,,
NaMeoTuyenQuang-18_back-1-1,NaMeoTuyenQuang-18_back-1,kuə³³tu⁵³,18,false,expert,,,,
NaMeoTuyenQuang-19_bamboo-1-1,NaMeoTuyenQuang-19_bamboo-1,təu³⁵tan³³,19,false,expert,,,,
NaMeoTuyenQuang-20_banana-1-1,NaMeoTuyenQuang-20_banana-1,tɕei⁵⁵tɕɔ⁵³,20,false,expert,,,,
NaMeoTuyenQuang-21_basket-1-1,NaMeoTuyenQuang-21_basket-1,la³³luɔŋ⁵³,21,false,expert,,,,
NaMeoTuyenQuang-22_bat-1-1,NaMeoTuyenQuang-22_bat-1,ta³³kɔ¹¹,22,false,expert,,,,
NaMeoTuyenQuang-23_bean-1-1,NaMeoTuyenQuang-23_bean-1,taɯ³³,23,false,expert,,,,
NaMeoCaoBang-23_bean-1-1,NaMeoCaoBang-23_bean-1,tɔʔ³¹,23,false,expert,,,,
Zhenmin-23_bean-1-1,Zhenmin-23_bean-1,to²¹²,23,false,expert,,,,
Guncen-23_bean-1-1,Guncen-23_bean-1,tou8,23,false,expert,,,,
SouthernQiandong-23_bean-1-1,SouthernQiandong-23_bean-1,neu³⁵,23,false,expert,,,,
Datu-23_bean-1-1,Datu-23_bean-1,tɑu³⁵,23,false,expert,,,,
Yangpai-23_bean-1-1,Yangpai-23_bean-1,tu⁵³,23,false,expert,,,,
EasternQiandong-23_bean-1-1,EasternQiandong-23_bean-1,teu¹³,23,false,expert,,,,
Xiangao-23_bean-1-1,Xiangao-23_bean-1,tɑu¹²,23,false,expert,,,,
WesternQiandong-23_bean-1-1,WesternQiandong-23_bean-1,pua¹³teu⁵³,23,false,expert,,,,
Baixing-23_bean-1-1,Baixing-23_bean-1,tɤu⁵³,23,false,expert,,,,
NorthernQiandong-23_bean-1-1,NorthernQiandong-23_bean-1,tə³¹,23,false,expert,,,,
NaMeoTuyenQuang-24_bear-1-1,NaMeoTuyenQuang-24_bear-1,ta³³ɬɛ³⁵,24,false,expert,,,,
NaMeoTuyenQuang-25_bed-1-1,NaMeoTuyenQuang-25_bed-1,la³³zɯəŋ⁵³,25,false,expert,,,,
NaMeoTuyenQuang-26_bee-1-1,NaMeoTuyenQuang-26_bee-1,kin³³tɕa³³,26,false,expert,,,,
NaMeoTuyenQuang-27_belly-1-1,NaMeoTuyenQuang-27_belly-1,təu⁵³,27,false,expert,,,,
NaMeoTuyenQuang-28_below-1-1,NaMeoTuyenQuang-28_below-1,kue³⁵tai⁵³,28,false,expert,,,,
NaMeoTuyenQuang-29_big-1-1,NaMeoTuyenQuang-29_big-1,ljəu³²,29,false,expert,,,,
NaMeoTuyenQuang-30_bird-1-1,NaMeoTuyenQuang-30_bird-1,nəu³³,30,false,expert,,,,
NaMeoCaoBang-30_bird-1-1,NaMeoCaoBang-30_bird-1,no³¹,30,false,expert,,,,
Zhenmin-30_bird-1-1,Zhenmin-30_bird-1,nu²²,30,false,expert,,,,
Guncen-30_bird-1-1,Guncen-30_bird-1,nou6,30,false,expert,,,,
SouthernQiandong-30_bird-1-1,SouthernQiandong-30_bird-1,neu²²,30,false,expert,,,,
Datu-30_bird-1-1,Datu-30_bird-1,nai¹²,30,false,expert,,,,
Yangpai-30_bird-1-1,Yangpai-30_bird-1,nɑu²³,30,false,expert,,,,
EasternQiandong-30_bird-1-1,EasternQiandong-30_bird-1,neu⁵³,30,false,expert,,,,
Xiangao-30_bird-1-1,Xiangao-30_bird-1,no⁵³,30,false,expert,,,,
WesternQiandong-30_bird-1-1,WesternQiandong-30_bird-1,neu²²,30,false,expert,,,,
Baixing-30_bird-1-1,Baixing-30_bird-1,nɤu⁴²,30,false,expert,,,,
NorthernQiandong-30_bird-1-1,NorthernQiandong-30_bird-1,nə¹³,30,false,expert,,,,
NaMeoTuyenQuang-31_bite-1-1,NaMeoTuyenQuang-31_bite-1,kui³⁵,31,false,expert,,,,
NaMeoTuyenQuang-32_bitter-1-1,NaMeoTuyenQuang-32_bitter-1,aŋ³³,32,false,expert,,,,
NaMeoTuyenQuang-33_black-1-1,NaMeoTuyenQuang-33_black-1,ɬa⁵³,33,false,expert,,,,
NaMeoCaoBang-33_black-1-1,NaMeoCaoBang-33_black-1,ɬjɑ³¹,33,false,expert,,,,
Zhenmin-33_black-1-1,Zhenmin-33_black-1,ɬɑ³³,33,false,expert,,,,
SouthernQiandong-33_black-1-1,SouthernQiandong-33_black-1,qɛ³⁵,33,false,expert,,,,
Datu-33_black-1-1,Datu-33_black-1,ɬeŋ²⁴,33,false,expert,,,,
Yangpai-33_black-1-1,Yangpai-33_black-1,ɬɛ³³,33,false,expert,,,,
EasternQiandong-33_black-1-1,EasternQiandong-33_black-1,sei²⁴,33,false,expert,,,,
Xiangao-33_black-1-1,Xiangao-33_black-1,ɬa³³,33,false,expert,,,,
WesternQiandong-33_black-1-1,WesternQiandong-33_black-1,ɬuŋ²²,33,false,expert,,,,
Baixing-33_black-1-1,Baixing-33_black-1,ɬoŋ⁴⁴,33,false,expert,,,,
NorthernQiandong-33_black-1-1,NorthernQiandong-33_black-1,ɬɛ³³,33,false,expert,,,,
NaMeoTuyenQuang-34_blackhmongautonym-1-1,NaMeoTuyenQuang-34_blackhmongautonym-1,na⁵⁵mjau³⁵ɬa⁵³,34,false,expert,,,,
NaMeoTuyenQuang-35_blind-1-1,NaMeoTuyenQuang-35_blind-1,ɬauŋ³³,35,false,expert,,,,
NaMeoTuyenQuang-36_blood-1-1,NaMeoTuyenQuang-36_blood-1,sʰiŋ³³,36,false,expert,,,,
NaMeoCaoBang-36_blood-1-1,NaMeoCaoBang-36_blood-1,ɕin³⁵,36,false,expert,,,,
Zhenmin-36_blood-1-1,Zhenmin-36_blood-1,ɕeŋ³⁵,36,false,expert,,,,
Guncen-36_blood-1-1,Guncen-36_blood-1,ɕiŋ3,36,false,expert,,,,
SouthernQiandong-36_blood-1-1,SouthernQiandong-36_blood-1,sam⁵³,36,false,expert,,,,
Datu-36_blood-1-1,Datu-36_blood-1,sʰɑŋ³³,36,false,expert,,,,
Yangpai-36_blood-1-1,Yangpai-36_blood-1,ɕe⁴⁴,36,false,expert,,,,
EasternQiandong-36_blood-1-1,EasternQiandong-36_blood-1,ɕan³³,36,false,expert,,,,
Xiangao-36_blood-1-1,Xiangao-36_blood-1,ɕan²²,36,false,expert,,,,
WesternQiandong-36_blood-1-1,WesternQiandong-36_blood-1,ɕʰe¹³,36,false,expert,,,,
Baixing-36_blood-1-1,Baixing-36_blood-1,ɕʰɛ¹³,36,false,expert,,,,
NorthernQiandong-36_blood-1-1,NorthernQiandong-36_blood-1,ɕʰaŋ³⁵,36,false,expert,,,,
NaMeoTuyenQuang-37_blunt-1-1,NaMeoTuyenQuang-37_blunt-1,ləɯ⁵⁵,37,false,expert,,,,
NaMeoTuyenQuang-38_boat-1-1,NaMeoTuyenQuang-38_boat-1,la³³pai¹¹,38,false,expert,,,,
NaMeoTuyenQuang-39_bone-1-1,NaMeoTuyenQuang-39_bone-1,sʰoŋ³³,39,false,expert,,,,
NaMeoCaoBang-39_bone-1-1,NaMeoCaoBang-39_bone-1,tsəi³¹,39,false,expert,,,,
Zhenmin-39_bone-1-1,Zhenmin-39_bone-1,soŋ³⁵,39,false,expert,,,,
Guncen-39_bone-1-1,Guncen-39_bone-1,soŋ3,39,false,expert,,,,
SouthernQiandong-39_bone-1-1,SouthernQiandong-39_bone-1,sam⁵³,39,false,expert,,,,
Datu-39_bone-1-1,Datu-39_bone-1,soŋ³³,39,false,expert,,,,
Yangpai-39_bone-1-1,Yangpai-39_bone-1,soŋ⁴⁴,39,false,expert,,,,
EasternQiandong-39_bone-1-1,EasternQiandong-39_bone-1,suŋ³³,39,false,expert,,,,
Xiangao-39_bone-1-1,Xiangao-39_bone-1,soŋ²²,39,false,expert,,,,
WesternQiandong-39_bone-1-1,WesternQiandong-39_bone-1,sʰuŋ¹³,39,false,expert,,,,
Baixing-39_bone-1-1,Baixing-39_bone-1,sʰoŋ¹³,39,false,expert,,,,
NorthernQiandong-39_bone-1-1,NorthernQiandong-39_bone-1,po³⁵sʰoŋ³⁵,39,false,expert,,,,
NaMeoTuyenQuang-40_bowl-1-1,NaMeoTuyenQuang-40_bowl-1,la³³sa¹¹,40,false,expert,,,,
NaMeoTuyenQuang-41_brain-1-1,NaMeoTuyenQuang-41_brain-1,lui³³,41,false,expert,,,,
NaMeoTuyenQuang-42_breast-1-1,NaMeoTuyenQuang-42_breast-1,qaŋ⁵³,42,false,expert,,,,
NaMeoTuyenQuang-43_breathe-1-1,NaMeoTuyenQuang-43_breathe-1,təu³³pɔŋ³⁵,43,false,expert,,,,
NaMeoTuyenQuang-44_buffalowater-1-1,NaMeoTuyenQuang-44_buffalowater-1,tai³³ȵi⁵⁵,44,false,expert,,,,
NaMeoTuyenQuang-45_burn-1-1,NaMeoTuyenQuang-45_burn-1,tɕi³³,45,false,expert,,,,
NaMeoTuyenQuang-46_bury-1-1,NaMeoTuyenQuang-46_bury-1,pau³³,46,false,expert,,,,
NaMeoTuyenQuang-47_butterfly-1-1,NaMeoTuyenQuang-47_butterfly-1,kin³³ku⁵⁵lu³³,47,false,expert,,,,
NaMeoTuyenQuang-48_buy-1-1,NaMeoTuyenQuang-48_buy-1,mi³³,48,false,expert,,,,
NaMeoTuyenQuang-49_cat-1-1,NaMeoTuyenQuang-49_cat-1,ta³³mjau³⁵,49,false,expert,,,,
NaMeoTuyenQuang-50_cattlecow-1-1,NaMeoTuyenQuang-50_cattlecow-1,ljɔ³³,50,false,expert,,,,
NaMeoTuyenQuang-51_cave-1-1,NaMeoTuyenQuang-51_cave-1,khaŋ³³,51,false,expert,,,,
NaMeoTuyenQuang-52_centipede-1-1,NaMeoTuyenQuang-52_centipede-1,kin³³khu³⁵,52,false,expert,,,,
NaMeoTuyenQuang-53_chair-1-1,NaMeoTuyenQuang-53_chair-1,la³³puŋ¹¹,53,false,expert,,,,
NaMeoTuyenQuang-54_charcoal-1-1,NaMeoTuyenQuang-54_charcoal-1,ŋe³³tɔ⁵³,54,false,expert,,,,
NaMeoTuyenQuang-55_cheek-1-1,NaMeoTuyenQuang-55_cheek-1,maŋ⁵³ma³³,55,false,expert,,,,
NaMeoTuyenQuang-56_chew-1-1,NaMeoTuyenQuang-56_chew-1,tɕa³⁵,56,false,expert,,,,
NaMeoTuyenQuang-57_chicken-1-1,NaMeoTuyenQuang-57_chicken-1,qai⁵³,57,false,expert,,,,
NaMeoCaoBang-57_chicken-1-1,NaMeoCaoBang-57_chicken-1,tɑ²¹qɛ³³,57,false,expert,,,,
Zhenmin-57_chicken-1-1,Zhenmin-57_chicken-1,qa³³,57,false,expert,,,,
Guncen-57_chicken-1-1,Guncen-57_chicken-1,qɛ1,57,false,expert,,,,
SouthernQiandong-57_chicken-1-1,SouthernQiandong-57_chicken-1,qa¹³,57,false,expert,,,,
Datu-57_chicken-1-1,Datu-57_chicken-1,qɑ²⁴,57,false,expert,,,,
Yangpai-57_chicken-1-1,Yangpai-57_chicken-1,qei³³,57,false,expert,,,,
EasternQiandong-57_chicken-1-1,EasternQiandong-57_chicken-1,qa²⁴,57,false,expert,,,,
Xiangao-57_chicken-1-1,Xiangao-57_chicken-1,qe³³,57,false,expert,,,,
WesternQiandong-57_chicken-1-1,WesternQiandong-57_chicken-1,qæ⁴⁴,57,false,expert,,,,
Baixing-57_chicken-1-1,Baixing-57_chicken-1,qe⁴⁴,57,false,expert,,,,
NorthernQiandong-57_chicken-1-1,NorthernQiandong-57_chicken-1,qei³³,57,false,expert,,,,
NaMeoTuyenQuang-58_child-1-1,NaMeoTuyenQuang-58_child-1,ta³²,58,false,expert,,,,
NaMeoTuyenQuang-59_chilipepper-1-1,NaMeoTuyenQuang-59_chilipepper-1,xɔŋ¹¹,59,false,expert,,,,
NaMeoTuyenQuang-60_chopstick-1-1,NaMeoTuyenQuang-60_chopstick-1,djɔ³³,60,false,expert,,,,
NaMeoTuyenQuang-61_citrusfruit-1-1,NaMeoTuyenQuang-61_citrusfruit-1,nu³²tɕei⁵⁵kam⁵⁵,61,false,expert,,,,
NaMeoTuyenQuang-62_clean-1-1,NaMeoTuyenQuang-62_clean-1,tɕu³³,62,false,expert,,,,
NaMeoTuyenQuang-63_closeto-1-1,NaMeoTuyenQuang-63_closeto-1,sʰɔ³⁵,63,false,expert,,,,
NaMeoTuyenQuang-64_cloud-1-1,NaMeoTuyenQuang-64_cloud-1,təu³³ʔu³⁵,64,false,expert,,,,
NaMeoTuyenQuang-65_coin-1-1,NaMeoTuyenQuang-65_coin-1,laŋ⁵³sʰaŋ⁵⁵,65,false,expert,,,,
NaMeoTuyenQuang-66_coldadj-1-1,NaMeoTuyenQuang-66_coldadj-1,saŋ⁵³,66,false,expert,,,,
NaMeoTuyenQuang-67_copper-1-1,NaMeoTuyenQuang-67_copper-1,taɯ⁵⁵,67,false,expert,,,,
Zhenmin-67_copper-1-1,Zhenmin-67_copper-1,tu⁵³,67,false,expert,,,,
Datu-67_copper-1-1,Datu-67_copper-1,tai²²,67,false,expert,,,,
Yangpai-67_copper-1-1,Yangpai-67_copper-1,tɑu⁵⁵,67,false,expert,,,,
Xiangao-67_copper-1-1,Xiangao-67_copper-1,to⁴²,67,false,expert,,,,
Baixing-67_copper-1-1,Baixing-67_copper-1,toŋ⁵⁵,67,false,expert,,,,
NaMeoTuyenQuang-68_corn-1-1,NaMeoTuyenQuang-68_corn-1,ȵa³³tjəu⁵³,68,false,expert,,,,
NaMeoTuyenQuang-69_coughto-1-1,NaMeoTuyenQuang-69_coughto-1,khai³³khɔ³⁵,69,false,expert,,,,
NaMeoTuyenQuang-70_coverto-1-1,NaMeoTuyenQuang-70_coverto-1,taɯ³⁵,70,false,expert,,,,
NaMeoTuyenQuang-71_crossbow-1-1,NaMeoTuyenQuang-71_crossbow-1,nei³³tai³⁵,71,false,expert,,,,
NaMeoTuyenQuang-72_crowbird-1-1,NaMeoTuyenQuang-72_crowbird-1,ta⁵³ɬaŋ³³,72,false,expert,,,,
NaMeoTuyenQuang-73_cryto-1-1,NaMeoTuyenQuang-73_cryto-1,qi⁵⁵,73,false,expert,,,,
NaMeoTuyenQuang-74_cutto-1-1,NaMeoTuyenQuang-74_cutto-1,qai³⁵,74,false,expert,,,,
NaMeoTuyenQuang-75_dark-1-1,NaMeoTuyenQuang-75_dark-1,ɬa³³khai⁵⁵,75,false,expert,,,,
NaMeoTuyenQuang-76_daughter-1-1,NaMeoTuyenQuang-76_daughter-1,ta⁵³phai³⁵,76,false,expert,,,,
Zhenmin-76_daughter-1-1,Zhenmin-76_daughter-1,pa²⁴,76,false,expert,,,,
Guncen-76_daughter-1-1,Guncen-76_daughter-1,ta1ʑiu5,76,false,expert,,,,
Datu-76_daughter-1-1,Datu-76_daughter-1,pʰɑ²⁴,76,false,expert,,,,
Xiangao-76_daughter-1-1,Xiangao-76_daughter-1,pʰe²⁴,76,false,expert,,,,
Baixing-76_daughter-1-1,Baixing-76_daughter-1,pʰe²²,76,false,expert,,,,
NaMeoTuyenQuang-77_day-1-1,NaMeoTuyenQuang-77_day-1,na⁵³,77,false,expert,,,,
NaMeoTuyenQuang-78_deaf-1-1,NaMeoTuyenQuang-78_deaf-1,ɬoŋ⁵⁵,78,false,expert,,,,
Zhenmin-78_deaf-1-1,Zhenmin-78_deaf-1,ɬjoŋ⁵³,78,false,expert,,,,
Guncen-78_deaf-1-1,Guncen-78_deaf-1,ɬoŋ2,78,false,expert,,,,
SouthernQiandong-78_deaf-1-1,SouthernQiandong-78_deaf-1,tɬam³¹,78,false,expert,,,,
Datu-78_deaf-1-1,Datu-78_deaf-1,ɬjoŋ²²,78,false,expert,,,,
Yangpai-78_deaf-1-1,Yangpai-78_deaf-1,ɬjoŋ⁵⁵,78,false,expert,,,,
EasternQiandong-78_deaf-1-1,EasternQiandong-78_deaf-1,leŋ²⁴,78,false,expert,,,,
Xiangao-78_deaf-1-1,Xiangao-78_deaf-1,ɬjoŋ⁴²,78,false,expert,,,,
WesternQiandong-78_deaf-1-1,WesternQiandong-78_deaf-1,ɬuŋ⁵⁵,78,false,expert,,,,
Baixing-78_deaf-1-1,Baixing-78_deaf-1,ɬoŋ⁵⁵,78,false,expert,,,,
NorthernQiandong-78_deaf-1-1,NorthernQiandong-78_deaf-1,ɬoŋ⁵⁵,78,false,expert,,,,
NaMeoTuyenQuang-79_deer-1-1,NaMeoTuyenQuang-79_deer-1,ta³³sau⁵³,79,false,expert,,,,
NaMeoTuyenQuang-80_dew-1-1,NaMeoTuyenQuang-80_dew-1,taɯ³³ʔu³⁵,80,false,expert,,,,
NaMeoTuyenQuang-81_die-1-1,NaMeoTuyenQuang-81_die-1,ta³³,81,false,expert,,,,
NaMeoTuyenQuang-82_dig-1-1,NaMeoTuyenQuang-82_dig-1,qɔŋ³⁵,82,false,expert,,,,
NaMeoTuyenQuang-83_dirty-1-1,NaMeoTuyenQuang-83_dirty-1,u³³tɕhui⁵³,83,false,expert,,,,
NaMeoTuyenQuang-84_dog-1-1,NaMeoTuyenQuang-84_dog-1,ɬai³³,84,false,expert,,,,
NaMeoTuyenQuang-85_door-1-1,NaMeoTuyenQuang-85_door-1,pu³³tu⁵⁵,85,false,expert,,,,
NaMeoTuyenQuang-86_dove-1-1,NaMeoTuyenQuang-86_dove-1,nəu³³kau⁵⁵,86,false,expert,,,,
NaMeoTuyenQuang-87_dream-1-1,NaMeoTuyenQuang-87_dream-1,ɬin³³pu³⁵,87,false,expert,,,,
NaMeoTuyenQuang-88_drinkwater-1-1,NaMeoTuyenQuang-88_drinkwater-1,həu³³ʔu⁵³,88,false,expert,,,,
NaMeoTuyenQuang-89_dry-1-1,NaMeoTuyenQuang-89_dry-1,qaŋ³⁵,89,false,expert,,,,
NaMeoTuyenQuang-90_duck-1-1,NaMeoTuyenQuang-90_duck-1,ta³³ʔau³⁵,90,false,expert,,,,
NaMeoTuyenQuang-91_dust-1-1,NaMeoTuyenQuang-91_dust-1,phuŋ³⁵,91,false,expert,,,,
NaMeoTuyenQuang-92_ear-1-1,NaMeoTuyenQuang-92_ear-1,qhaŋ³³ȵai⁵⁵,92,false,expert,,,,
NaMeoCaoBang-92_ear-1-1,NaMeoCaoBang-92_ear-1,ŋɑi³⁵,92,false,expert,,,,
Zhenmin-92_ear-1-1,Zhenmin-92_ear-1,nze⁵³,92,false,expert,,,,
Guncen-92_ear-1-1,Guncen-92_ear-1,qʰaŋ3ȵai2,92,false,expert,,,,
SouthernQiandong-92_ear-1-1,SouthernQiandong-92_ear-1,ȵei³¹,92,false,expert,,,,
Datu-92_ear-1-1,Datu-92_ear-1,nze²²,92,false,expert,,,,
Yangpai-92_ear-1-1,Yangpai-92_ear-1,nzɑ⁵⁵,92,false,expert,,,,
EasternQiandong-92_ear-1-1,EasternQiandong-92_ear-1,qa³³njei²²,92,false,expert,,,,
Xiangao-92_ear-1-1,Xiangao-92_ear-1,ȵe⁴²,92,false,expert,,,,
WesternQiandong-92_ear-1-1,WesternQiandong-92_ear-1,pei¹³me⁵⁵,92,false,expert,,,,
Baixing-92_ear-1-1,Baixing-92_ear-1,mei⁵⁵,92,false,expert,,,,
NorthernQiandong-92_ear-1-1,NorthernQiandong-92_ear-1,qa³³zɛ⁵⁵,92,false,expert,,,,
NaMeoTuyenQuang-93_eat-1-1,NaMeoTuyenQuang-93_eat-1,nəu⁵⁵,93,false,expert,,,,
NaMeoTuyenQuang-94_eatrice-1-1,NaMeoTuyenQuang-94_eatrice-1,nəu⁵⁵ȵa¹¹,94,false,expert,,,,
NaMeoTuyenQuang-95_egg-1-1,NaMeoTuyenQuang-95_egg-1,qei³⁵,95,false,expert,,,,
NaMeoCaoBang-95_egg-1-1,NaMeoCaoBang-95_egg-1,lɑ³³qe³³,95,false,expert,,,,
Zhenmin-95_egg-1-1,Zhenmin-95_egg-1,ke⁴⁴,95,false,expert,,,,
SouthernQiandong-95_egg-1-1,SouthernQiandong-95_egg-1,kei⁴⁴,95,false,expert,,,,
Datu-95_egg-1-1,Datu-95_egg-1,ke⁴⁴,95,false,expert,,,,
Yangpai-95_egg-1-1,Yangpai-95_egg-1,ki²¹,95,false,expert,,,,
EasternQiandong-95_egg-1-1,EasternQiandong-95_egg-1,kei⁴⁴,95,false,expert,,,,
Xiangao-95_egg-1-1,Xiangao-95_egg-1,kei³⁵,95,false,expert,,,,
WesternQiandong-95_egg-1-1,WesternQiandong-95_egg-1,ki³³,95,false,expert,,,,
Baixing-95_egg-1-1,Baixing-95_egg-1,ki³³,95,false,expert,,,,
NorthernQiandong-95_egg-1-1,NorthernQiandong-95_egg-1,ki⁴⁴,95,false,expert,,,,
NaMeoTuyenQuang-96_elbow-1-1,NaMeoTuyenQuang-96_elbow-1,ɣəu⁵³pai⁵³,96,false,expert,,,,
NaMeoTuyenQuang-97_embers-1-1,NaMeoTuyenQuang-97_embers-1,tɔ⁵³tɕhin³⁵,97,false,expert,,,,
NaMeoTuyenQuang-98_evening-1-1,NaMeoTuyenQuang-98_evening-1,tjoŋ³³maŋ³⁵,98,false,expert,,,,
NaMeoCaoBang-98_evening-1-1,NaMeoCaoBang-98_evening-1,mɑŋ³⁵,98,false,expert,,,,
Zhenmin-98_evening-1-1,Zhenmin-98_evening-1,mɑŋ⁴⁴,98,false,expert,,,,
SouthernQiandong-98_evening-1-1,SouthernQiandong-98_evening-1,tɕeu³⁵,98,false,expert,,,,
Datu-98_evening-1-1,Datu-98_evening-1,m̥ ɑi⁴⁴,98,false,expert,,,,
Yangpai-98_evening-1-1,Yangpai-98_evening-1,mɑŋ²¹,98,false,expert,,,,
EasternQiandong-98_evening-1-1,EasternQiandong-98_evening-1,ɕi⁴⁴maŋ⁴⁴,98,false,expert,,,,
Xiangao-98_evening-1-1,Xiangao-98_evening-1,maŋ³⁵,98,false,expert,,,,
WesternQiandong-98_evening-1-1,WesternQiandong-98_evening-1,ʑi³³maŋ³³,98,false,expert,,,,
Baixing-98_evening-1-1,Baixing-98_evening-1,maŋ³³,98,false,expert,,,,
NorthernQiandong-98_evening-1-1,NorthernQiandong-98_evening-1,ɕʰi³³m̥ aŋ⁴⁴,98,false,expert,,,,
NaMeoTuyenQuang-99_eye-1-1,NaMeoTuyenQuang-99_eye-1,tɕei⁵⁵ma³³,99,false,expert,,,,
NaMeoCaoBang-99_eye-1-1,NaMeoCaoBang-99_eye-1,tsẽi⁴⁵³mɑ²²,99,false,expert,,,,
Zhenmin-99_eye-1-1,Zhenmin-99_eye-1,mɑ²¹,99,false,expert,,,,
Guncen-99_eye-1-1,Guncen-99_eye-1,tsəi3ma6,99,false,expert,,,,
SouthernQiandong-99_eye-1-1,SouthernQiandong-99_eye-1,n̥ju¹³mo²²,99,false,expert,,,,
Datu-99_eye-1-1,Datu-99_eye-1,mu²¹,99,false,expert,,,,
Yangpai-99_eye-1-1,Yangpai-99_eye-1,mi²²,99,false,expert,,,,
EasternQiandong-99_eye-1-1,EasternQiandong-99_eye-1,qa³³mi⁵³,99,false,expert,,,,
Xiangao-99_eye-1-1,Xiangao-99_eye-1,ma¹²,99,false,expert,,,,
WesternQiandong-99_eye-1-1,WesternQiandong-99_eye-1,pei¹³me²²,99,false,expert,,,,
Baixing-99_eye-1-1,Baixing-99_eye-1,mei⁴²,99,false,expert,,,,
NorthernQiandong-99_eye-1-1,NorthernQiandong-99_eye-1,n̥ju³³mɛ¹³,99,false,expert,,,,
NaMeoTuyenQuang-100_face-1-1,NaMeoTuyenQuang-100_face-1,tɕei⁵⁵ma¹¹,100,false,expert,,,,
NaMeoTuyenQuang-101_fall-1-1,NaMeoTuyenQuang-101_fall-1,pa⁵⁵,101,false,expert,,,,
NaMeoTuyenQuang-102_family-1-1,NaMeoTuyenQuang-102_family-1,tɕõ³³tɕai⁵⁵,102,false,expert,,,,
NaMeoTuyenQuang-103_far-1-1,NaMeoTuyenQuang-103_far-1,qui⁵⁵,103,false,expert,,,,
NaMeoTuyenQuang-104_fat-1-1,NaMeoTuyenQuang-104_fat-1,maŋ⁵³,104,false,expert,,,,
NaMeoTuyenQuang-105_fear-1-1,NaMeoTuyenQuang-105_fear-1,qhai⁵³,105,false,expert,,,,
NaMeoTuyenQuang-106_field-1-1,NaMeoTuyenQuang-106_field-1,tɕaŋ³³ljaŋ⁵⁵,106,false,expert,,,,
NaMeoCaoBang-106_field-1-1,NaMeoCaoBang-106_field-1,ljɑŋ⁵⁵,106,false,expert,,,,
Zhenmin-106_field-1-1,Zhenmin-106_field-1,ljɑŋ⁵³,106,false,expert,,,,
SouthernQiandong-106_field-1-1,SouthernQiandong-106_field-1,ljan³¹,106,false,expert,,,,
Datu-106_field-1-1,Datu-106_field-1,li²²,106,false,expert,,,,
Yangpai-106_field-1-1,Yangpai-106_field-1,lei⁵⁵,106,false,expert,,,,
EasternQiandong-106_field-1-1,EasternQiandong-106_field-1,lje²²,106,false,expert,,,,
Xiangao-106_field-1-1,Xiangao-106_field-1,lje⁴²,106,false,expert,,,,
WesternQiandong-106_field-1-1,WesternQiandong-106_field-1,lje⁵⁵,106,false,expert,,,,
Baixing-106_field-1-1,Baixing-106_field-1,lje⁵⁵,106,false,expert,,,,
NorthernQiandong-106_field-1-1,NorthernQiandong-106_field-1,lji⁵⁵,106,false,expert,,,,
NaMeoTuyenQuang-107_fire-1-1,NaMeoTuyenQuang-107_fire-1,tɔ⁵³,107,false,expert,,,,
NaMeoCaoBang-107_fire-1-1,NaMeoCaoBang-107_fire-1,tɔ³³,107,false,expert,,,,
Zhenmin-107_fire-1-1,Zhenmin-107_fire-1,tɦɒ²¹,107,false,expert,,,,
Guncen-107_fire-1-1,Guncen-107_fire-1,tau4,107,false,expert,,,,
SouthernQiandong-107_fire-1-1,SouthernQiandong-107_fire-1,ta²⁴¹,107,false,expert,,,,
Datu-107_fire-1-1,Datu-107_fire-1,tou¹²,107,false,expert,,,,
Yangpai-107_fire-1-1,Yangpai-107_fire-1,tɦɤu²²,107,false,expert,,,,
EasternQiandong-107_fire-1-1,EasternQiandong-107_fire-1,to²¹²,107,false,expert,,,,
Xiangao-107_fire-1-1,Xiangao-107_fire-1,tau¹²,107,false,expert,,,,
WesternQiandong-107_fire-1-1,WesternQiandong-107_fire-1,to²¹,107,false,expert,,,,
Baixing-107_fire-1-1,Baixing-107_fire-1,to²⁴,107,false,expert,,,,
NorthernQiandong-107_fire-1-1,NorthernQiandong-107_fire-1,tu¹¹,107,false,expert,,,,
NaMeoTuyenQuang-108_firewood-1-1,NaMeoTuyenQuang-108_firewood-1,tɔ⁵³,108,false,expert,,,,
NaMeoTuyenQuang-109_fish-1-1,NaMeoTuyenQuang-109_fish-1,ȵai⁵³,109,false,expert,,,,
NaMeoCaoBang-109_fish-1-1,NaMeoCaoBang-109_fish-1,ŋɑi³¹,109,false,expert,,,,
Zhenmin-109_fish-1-1,Zhenmin-109_fish-1,nze²¹,109,false,expert,,,,
Guncen-109_fish-1-1,Guncen-109_fish-1,ȵai4,109,false,expert,,,,
SouthernQiandong-109_fish-1-1,SouthernQiandong-109_fish-1,ȵei²⁴¹,109,false,expert,,,,
Datu-109_fish-1-1,Datu-109_fish-1,nze²¹,109,false,expert,,,,
Yangpai-109_fish-1-1,Yangpai-109_fish-1,nzɑ²²,109,false,expert,,,,
EasternQiandong-109_fish-1-1,EasternQiandong-109_fish-1,njei²¹²,109,false,expert,,,,
Xiangao-109_fish-1-1,Xiangao-109_fish-1,ȵei¹²,109,false,expert,,,,
WesternQiandong-109_fish-1-1,WesternQiandong-109_fish-1,mei²¹,109,false,expert,,,,
Baixing-109_fish-1-1,Baixing-109_fish-1,mei²⁴,109,false,expert,,,,
NorthernQiandong-109_fish-1-1,NorthernQiandong-109_fish-1,zɛ¹¹,109,false,expert,,,,
NaMeoTuyenQuang-110_floor-1-1,NaMeoTuyenQuang-110_floor-1,ku³³tɪn⁵³,110,false,expert,,,,
NaMeoTuyenQuang-111_flower-1-1,NaMeoTuyenQuang-111_flower-1,paŋ⁵⁵,111,false,expert,,,,
NaMeoTuyenQuang-112_flyinsect-1-1,NaMeoTuyenQuang-112_flyinsect-1,kin³³lai³⁵,112,false,expert,,,,
NaMeoTuyenQuang-113_fog-1-1,NaMeoTuyenQuang-113_fog-1,taɯ³³ʔu³⁵,113,false,expert,,,,
Zhenmin-113_fog-1-1,Zhenmin-113_fog-1,ho³³,113,false,expert,,,,
Datu-113_fog-1-1,Datu-113_fog-1,hau²⁴,113,false,expert,,,,
Yangpai-113_fog-1-1,Yangpai-113_fog-1,xau³³,113,false,expert,,,,
Xiangao-113_fog-1-1,Xiangao-113_fog-1,hau³³,113,false,expert,,,,
Baixing-113_fog-1-1,Baixing-113_fog-1,ha⁴⁴,113,false,expert,,,,
NaMeoTuyenQuang-114_forest-1-1,NaMeoTuyenQuang-114_forest-1,giŋ⁵⁵ku³³,114,false,expert,,,,
NaMeoTuyenQuang-115_fox-1-1,NaMeoTuyenQuang-115_fox-1,ta³³ɬaŋ³⁵,115,false,expert,,,,
NaMeoTuyenQuang-116_fragrant-1-1,NaMeoTuyenQuang-116_fragrant-1,ta⁵³moŋ³³,116,false,expert,,,,
NaMeoTuyenQuang-117_frog-1-1,NaMeoTuyenQuang-117_frog-1,qaŋ⁵⁵,117,false,expert,,,,
NaMeoCaoBang-117_frog-1-1,NaMeoCaoBang-117_frog-1,qɑn²⁴,117,false,expert,,,,
Zhenmin-117_frog-1-1,Zhenmin-117_frog-1,qeŋ³⁵,117,false,expert,,,,
SouthernQiandong-117_frog-1-1,SouthernQiandong-117_frog-1,qan⁵³qa⁴⁴,117,false,expert,,,,
Datu-117_frog-1-1,Datu-117_frog-1,qɑŋ³³,117,false,expert,,,,
Yangpai-117_frog-1-1,Yangpai-117_frog-1,qe3,117,false,expert,,,,
EasternQiandong-117_frog-1-1,EasternQiandong-117_frog-1,qan³³,117,false,expert,,,,
Xiangao-117_frog-1-1,Xiangao-117_frog-1,qan²²,117,false,expert,,,,
WesternQiandong-117_frog-1-1,WesternQiandong-117_frog-1,qæ̃¹³,117,false,expert,,,,
Baixing-117_frog-1-1,Baixing-117_frog-1,qɛ¹³,117,false,expert,,,,
NorthernQiandong-117_frog-1-1,NorthernQiandong-117_frog-1,qaŋ³⁵,117,false,expert,,,,
NaMeoTuyenQuang-118_fruit-1-1,NaMeoTuyenQuang-118_fruit-1,tɕəi⁵⁵,118,false,expert,,,,
NaMeoCaoBang-118_fruit-1-1,NaMeoCaoBang-118_fruit-1,ȶe³⁵,118,false,expert,,,,
Zhenmin-118_fruit-1-1,Zhenmin-118_fruit-1,tsi³⁵,118,false,expert,,,,
SouthernQiandong-118_fruit-1-1,SouthernQiandong-118_fruit-1,tɕi⁵³,118,false,expert,,,,
Datu-118_fruit-1-1,Datu-118_fruit-1,tsei³³,118,false,expert,,,,
Yangpai-118_fruit-1-1,Yangpai-118_fruit-1,tsɛ⁴⁴,118,false,expert,,,,
EasternQiandong-118_fruit-1-1,EasternQiandong-118_fruit-1,tsen³⁵,118,false,expert,,,,
Xiangao-118_fruit-1-1,Xiangao-118_fruit-1,tsi²²,118,false,expert,,,,
WesternQiandong-118_fruit-1-1,WesternQiandong-118_fruit-1,pei¹³,118,false,expert,,,,
Baixing-118_fruit-1-1,Baixing-118_fruit-1,pei¹³,118,false,expert,,,,
NorthernQiandong-118_fruit-1-1,NorthernQiandong-118_fruit-1,tsen³⁵,118,false,expert,,,,
NaMeoTuyenQuang-119_full-1-1,NaMeoTuyenQuang-119_full-1,pa⁵⁵,119,false,expert,,,,
NaMeoCaoBang-119_full-1-1,NaMeoCaoBang-119_full-1,pɑ³⁵,119,false,expert,,,,
Zhenmin-119_full-1-1,Zhenmin-119_full-1,pɑ³⁵,119,false,expert,,,,
Guncen-119_full-1-1,Guncen-119_full-1,pa3,119,false,expert,,,,
SouthernQiandong-119_full-1-1,SouthernQiandong-119_full-1,po⁵⁵,119,false,expert,,,,
Datu-119_full-1-1,Datu-119_full-1,peŋ³³,119,false,expert,,,,
Yangpai-119_full-1-1,Yangpai-119_full-1,pi⁴⁴,119,false,expert,,,,
EasternQiandong-119_full-1-1,EasternQiandong-119_full-1,pɑŋ⁵⁵,119,false,expert,,,,
Xiangao-119_full-1-1,Xiangao-119_full-1,paŋ²²,119,false,expert,,,,
WesternQiandong-119_full-1-1,WesternQiandong-119_full-1,pə¹³,119,false,expert,,,,
Baixing-119_full-1-1,Baixing-119_full-1,pei¹³,119,false,expert,,,,
NorthernQiandong-119_full-1-1,NorthernQiandong-119_full-1,tə⁰²paŋ⁵⁵,119,false,expert,,,,
NaMeoTuyenQuang-120_ghost-1-1,NaMeoTuyenQuang-120_ghost-1,ɬɪn⁵³,120,false,expert,,,,
NaMeoCaoBang-120_ghost-1-1,NaMeoCaoBang-120_ghost-1,ɬin³⁵ɕiɑ⁴⁴,120,false,expert,,,,
Zhenmin-120_ghost-1-1,Zhenmin-120_ghost-1,ɬɑ³³,120,false,expert,,,,
SouthernQiandong-120_ghost-1-1,SouthernQiandong-120_ghost-1,tɬjan¹³,120,false,expert,,,,
Datu-120_ghost-1-1,Datu-120_ghost-1,ɬeŋ²⁴,120,false,expert,,,,
Yangpai-120_ghost-1-1,Yangpai-120_ghost-1,ɬɛ³³,120,false,expert,,,,
EasternQiandong-120_ghost-1-1,EasternQiandong-120_ghost-1,ɬjan²⁴,120,false,expert,,,,
Xiangao-120_ghost-1-1,Xiangao-120_ghost-1,ɬa³³,120,false,expert,,,,
WesternQiandong-120_ghost-1-1,WesternQiandong-120_ghost-1,ɬjin⁴⁴,120,false,expert,,,,
Baixing-120_ghost-1-1,Baixing-120_ghost-1,ɬoŋ⁴⁴,120,false,expert,,,,
NorthernQiandong-120_ghost-1-1,NorthernQiandong-120_ghost-1,ɬjaŋ³³,120,false,expert,,,,
NaMeoTuyenQuang-121_gold-1-1,NaMeoTuyenQuang-121_gold-1,tɕəm³⁵,121,false,expert,,,,
NaMeoTuyenQuang-122_good-1-1,NaMeoTuyenQuang-122_good-1,vu³⁵,122,false,expert,,,,
NaMeoCaoBang-122_good-1-1,NaMeoCaoBang-122_good-1,vu³⁵,122,false,expert,,,,
Zhenmin-122_good-1-1,Zhenmin-122_good-1,vu⁴⁴,122,false,expert,,,,
Guncen-122_good-1-1,Guncen-122_good-1,vu5,122,false,expert,,,,
SouthernQiandong-122_good-1-1,SouthernQiandong-122_good-1,ɣu⁴⁴,122,false,expert,,,,
Datu-122_good-1-1,Datu-122_good-1,ɣai⁴⁴,122,false,expert,,,,
Yangpai-122_good-1-1,Yangpai-122_good-1,ɣu²¹,122,false,expert,,,,
EasternQiandong-122_good-1-1,EasternQiandong-122_good-1,ʑeu⁴⁴,122,false,expert,,,,
Xiangao-122_good-1-1,Xiangao-122_good-1,wo³⁵,122,false,expert,,,,
WesternQiandong-122_good-1-1,WesternQiandong-122_good-1,ɣu⁴⁴,122,false,expert,,,,
Baixing-122_good-1-1,Baixing-122_good-1,ɣuɤ³³,122,false,expert,,,,
NorthernQiandong-122_good-1-1,NorthernQiandong-122_good-1,ɣu⁴⁴,122,false,expert,,,,
NaMeoTuyenQuang-123_grass-1-1,NaMeoTuyenQuang-123_grass-1,ȵaŋ⁵⁵,123,false,expert,,,,
NaMeoTuyenQuang-124_grave-1-1,NaMeoTuyenQuang-124_grave-1,pu⁵⁵liaŋ⁵⁵,124,false,expert,,,,
NaMeoTuyenQuang-125_green-1-1,NaMeoTuyenQuang-125_green-1,ȵau⁵⁵,125,false,expert,,,,
NaMeoTuyenQuang-126_grow-1-1,NaMeoTuyenQuang-126_grow-1,ljəu³³tɕai³⁵,126,false,expert,,,,
NaMeoTuyenQuang-127_gums-1-1,NaMeoTuyenQuang-127_gums-1,maŋ³³ȵiu⁵⁵,127,false,expert,,,,
NaMeoTuyenQuang-128_hairbody-1-1,NaMeoTuyenQuang-128_hairbody-1,khɬu⁵³,128,false,expert,,,,
NaMeoTuyenQuang-129_hairhead-1-1,NaMeoTuyenQuang-129_hairhead-1,khɬu³³həu⁵⁵,129,false,expert,,,,
NaMeoTuyenQuang-130_happy-1-1,NaMeoTuyenQuang-130_happy-1,vu⁵⁵va³³,130,false,expert,,,,
NaMeoTuyenQuang-131_hat-1-1,NaMeoTuyenQuang-131_hat-1,la⁵³khəu³⁵,131,false,expert,,,,
NaMeoTuyenQuang-132_hay-1-1,NaMeoTuyenQuang-132_hay-1,ȵaŋ³³qaŋ³⁵,132,false,expert,,,,
NaMeoTuyenQuang-133_head-1-1,NaMeoTuyenQuang-133_head-1,həu⁵⁵,133,false,expert,,,,
NaMeoTuyenQuang-134_hear-1-1,NaMeoTuyenQuang-134_hear-1,tɕaŋ³³ȵai⁵⁵,134,false,expert,,,,
NaMeoTuyenQuang-135_heart-1-1,NaMeoTuyenQuang-135_heart-1,tɕei³³ɬɔ³³,135,false,expert,,,,
NaMeoCaoBang-135_heart-1-1,NaMeoCaoBang-135_heart-1,ŋoi³³,135,false,expert,,,,
Zhenmin-135_heart-1-1,Zhenmin-135_heart-1,ɬju³⁵,135,false,expert,,,,
Guncen-135_heart-1-1,Guncen-135_heart-1,tiu8,135,false,expert,,,,
SouthernQiandong-135_heart-1-1,SouthernQiandong-135_heart-1,pam⁴⁴,135,false,expert,,,,
Datu-135_heart-1-1,Datu-135_heart-1,ɬjɒ³³,135,false,expert,,,,
Yangpai-135_heart-1-1,Yangpai-135_heart-1,ɬjɤu⁴⁴,135,false,expert,,,,
EasternQiandong-135_heart-1-1,EasternQiandong-135_heart-1,ɕin²⁴teu²²,135,false,expert,,,,
Xiangao-135_heart-1-1,Xiangao-135_heart-1,ɬjau²²,135,false,expert,,,,
WesternQiandong-135_heart-1-1,WesternQiandong-135_heart-1,pjo¹³,135,false,expert,,,,
Baixing-135_heart-1-1,Baixing-135_heart-1,pjo¹³,135,false,expert,,,,
NorthernQiandong-135_heart-1-1,NorthernQiandong-135_heart-1,ɬju³⁵,135,false,expert,,,,
NaMeoTuyenQuang-136_heavy-1-1,NaMeoTuyenQuang-136_heavy-1,ȵoŋ⁵⁵,136,false,expert,,,,
NaMeoCaoBang-136_heavy-1-1,NaMeoCaoBang-136_heavy-1,ȵɔŋ³⁵,136,false,expert,,,,
Zhenmin-136_heavy-1-1,Zhenmin-136_heavy-1,ȵʑɑŋ³⁵,136,false,expert,,,,
Guncen-136_heavy-1-1,Guncen-136_heavy-1,ȵioŋ3,136,false,expert,,,,
SouthernQiandong-136_heavy-1-1,SouthernQiandong-136_heavy-1,ȵ̥am⁵³,136,false,expert,,,,
Datu-136_heavy-1-1,Datu-136_heavy-1,ȵ̥oŋ³³,136,false,expert,,,,
Yangpai-136_heavy-1-1,Yangpai-136_heavy-1,ȵoŋ⁴⁴,136,false,expert,,,,
EasternQiandong-136_heavy-1-1,EasternQiandong-136_heavy-1,njuŋ³³,136,false,expert,,,,
Xiangao-136_heavy-1-1,Xiangao-136_heavy-1,ȵɑŋ²²,136,false,expert,,,,
WesternQiandong-136_heavy-1-1,WesternQiandong-136_heavy-1,njuŋ¹³,136,false,expert,,,,
Baixing-136_heavy-1-1,Baixing-136_heavy-1,ȵoŋ¹³,136,false,expert,,,,
NorthernQiandong-136_heavy-1-1,NorthernQiandong-136_heavy-1,n̥joŋ³⁵,136,false,expert,,,,
NaMeoTuyenQuang-137_hen-1-1,NaMeoTuyenQuang-137_hen-1,maŋ³³qai⁵³,137,false,expert,,,,
NaMeoTuyenQuang-138_hide-1-1,NaMeoTuyenQuang-138_hide-1,ɣe³⁵,138,false,expert,,,,
NaMeoTuyenQuang-139_hit-1-1,NaMeoTuyenQuang-139_hit-1,tam⁵³,139,false,expert,,,,
NaMeoTuyenQuang-140_horse-1-1,NaMeoTuyenQuang-140_horse-1,ta³³mi⁵³,140,false,expert,,,,
NaMeoTuyenQuang-141_hot-1-1,NaMeoTuyenQuang-141_hot-1,qha⁵³,141,false,expert,,,,
NaMeoTuyenQuang-142_house-1-1,NaMeoTuyenQuang-142_house-1,tɕai³³,142,false,expert,,,,
NaMeoCaoBang-142_house-1-1,NaMeoCaoBang-142_house-1,tsɑi³⁵,142,false,expert,,,,
Zhenmin-142_house-1-1,Zhenmin-142_house-1,tse³⁵,142,false,expert,,,,
SouthernQiandong-142_house-1-1,SouthernQiandong-142_house-1,tɕei⁵³,142,false,expert,,,,
Datu-142_house-1-1,Datu-142_house-1,tse³³,142,false,expert,,,,
Yangpai-142_house-1-1,Yangpai-142_house-1,tsɑ⁴⁴,142,false,expert,,,,
EasternQiandong-142_house-1-1,EasternQiandong-142_house-1,tsei³³,142,false,expert,,,,
Xiangao-142_house-1-1,Xiangao-142_house-1,tsei²²,142,false,expert,,,,
WesternQiandong-142_house-1-1,WesternQiandong-142_house-1,pei¹³,142,false,expert,,,,
Baixing-142_house-1-1,Baixing-142_house-1,pei¹³,142,false,expert,,,,
NorthernQiandong-142_house-1-1,NorthernQiandong-142_house-1,tsɛ³⁵,142,false,expert,,,,
NaMeoTuyenQuang-143_humanperson-1-1,NaMeoTuyenQuang-143_humanperson-1,na⁵⁵,143,false,expert,,,,
NaMeoTuyenQuang-144_huntto-1-1,NaMeoTuyenQuang-144_huntto-1,moŋ⁵⁵,144,false,expert,,,,
NaMeoTuyenQuang-145_husband-1-1,NaMeoTuyenQuang-145_husband-1,zɔ³³,145,false,expert,,,,
NaMeoTuyenQuang-146_i-1-1,NaMeoTuyenQuang-146_i-1,va⁵³,146,false,expert,,,,
NaMeoTuyenQuang-147_insect-1-1,NaMeoTuyenQuang-147_insect-1,kin³³dʑu⁵⁵,147,false,expert,,,,
NaMeoCaoBang-147_insect-1-1,NaMeoCaoBang-147_insect-1,kin³³nɑu³⁵⁴,147,false,expert,,,,
Zhenmin-147_insect-1-1,Zhenmin-147_insect-1,keŋ³³,147,false,expert,,,,
Guncen-147_insect-1-1,Guncen-147_insect-1,kiŋ1,147,false,expert,,,,
SouthernQiandong-147_insect-1-1,SouthernQiandong-147_insect-1,kan¹³,147,false,expert,,,,
Datu-147_insect-1-1,Datu-147_insect-1,kɑŋ²⁴,147,false,expert,,,,
Yangpai-147_insect-1-1,Yangpai-147_insect-1,ke³³,147,false,expert,,,,
EasternQiandong-147_insect-1-1,EasternQiandong-147_insect-1,kan²⁴,147,false,expert,,,,
Xiangao-147_insect-1-1,Xiangao-147_insect-1,kan³³,147,false,expert,,,,
WesternQiandong-147_insect-1-1,WesternQiandong-147_insect-1,kæ̃⁴⁴,147,false,expert,,,,
Baixing-147_insect-1-1,Baixing-147_insect-1,kɛ⁴⁴,147,false,expert,,,,
NorthernQiandong-147_insect-1-1,NorthernQiandong-147_insect-1,kaŋ³³,147,false,expert,,,,
NaMeoTuyenQuang-148_intestines-1-1,NaMeoTuyenQuang-148_intestines-1,qe³³vi⁵³,148,false,expert,,,,
NaMeoTuyenQuang-149_iron-1-1,NaMeoTuyenQuang-149_iron-1,ləu³⁵,149,false,expert,,,,
NaMeoCaoBang-149_iron-1-1,NaMeoCaoBang-149_iron-1,lɐu³³,149,false,expert,,,,
Zhenmin-149_iron-1-1,Zhenmin-149_iron-1,lu⁴⁴,149,false,expert,,,,
SouthernQiandong-149_iron-1-1,SouthernQiandong-149_iron-1,ɬeu⁴⁴,149,false,expert,,,,
Datu-149_iron-1-1,Datu-149_iron-1,ɬɑu⁴⁴,149,false,expert,,,,
Yangpai-149_iron-1-1,Yangpai-149_iron-1,lɑu²¹,149,false,expert,,,,
EasternQiandong-149_iron-1-1,EasternQiandong-149_iron-1,leu⁴⁴,149,false,expert,,,,
Xiangao-149_iron-1-1,Xiangao-149_iron-1,lo³⁵,149,false,expert,,,,
WesternQiandong-149_iron-1-1,WesternQiandong-149_iron-1,leu³³,149,false,expert,,,,
Baixing-149_iron-1-1,Baixing-149_iron-1,lɤu³³,149,false,expert,,,,
NorthernQiandong-149_iron-1-1,NorthernQiandong-149_iron-1,ɬʰə⁴⁴,149,false,expert,,,,
NaMeoTuyenQuang-150_jaw-1-1,NaMeoTuyenQuang-150_jaw-1,qaŋ⁵³qaŋ³³,150,false,expert,,,,
NaMeoTuyenQuang-151_kill-1-1,NaMeoTuyenQuang-151_kill-1,ta³⁵,151,false,expert,,,,
NaMeoTuyenQuang-152_knee-1-1,NaMeoTuyenQuang-152_knee-1,gəu⁵³tɕu³³,152,false,expert,,,,
NaMeoTuyenQuang-153_knife-1-1,NaMeoTuyenQuang-153_knife-1,ʔdjɔ³⁵,153,false,expert,,,,
NaMeoTuyenQuang-154_know-1-1,NaMeoTuyenQuang-154_know-1,pu⁵³,154,false,expert,,,,
NaMeoTuyenQuang-155_laugh-1-1,NaMeoTuyenQuang-155_laugh-1,tjəu³⁵,155,false,expert,,,,
NaMeoTuyenQuang-156_leaf-1-1,NaMeoTuyenQuang-156_leaf-1,nəu⁵⁵,156,false,expert,,,,
NaMeoCaoBang-156_leaf-1-1,NaMeoCaoBang-156_leaf-1,nau⁵³tau³⁵,156,false,expert,,,,
Zhenmin-156_leaf-1-1,Zhenmin-156_leaf-1,nu⁵³,156,false,expert,,,,
SouthernQiandong-156_leaf-1-1,SouthernQiandong-156_leaf-1,neu³¹,156,false,expert,,,,
Datu-156_leaf-1-1,Datu-156_leaf-1,lai²²,156,false,expert,,,,
Yangpai-156_leaf-1-1,Yangpai-156_leaf-1,nɑu⁵⁵,156,false,expert,,,,
EasternQiandong-156_leaf-1-1,EasternQiandong-156_leaf-1,neu²²,156,false,expert,,,,
Xiangao-156_leaf-1-1,Xiangao-156_leaf-1,no⁴²,156,false,expert,,,,
WesternQiandong-156_leaf-1-1,WesternQiandong-156_leaf-1,qa³³neu⁵⁵teu³³,156,false,expert,,,,
Baixing-156_leaf-1-1,Baixing-156_leaf-1,nɤu⁵⁵,156,false,expert,,,,
NorthernQiandong-156_leaf-1-1,NorthernQiandong-156_leaf-1,qa³³nə⁵⁵,156,false,expert,,,,
NaMeoTuyenQuang-157_left-1-1,NaMeoTuyenQuang-157_left-1,tɕei⁵³tɕi³³,157,false,expert,,,,
NaMeoTuyenQuang-158_leg-1-1,NaMeoTuyenQuang-158_leg-1,lɔ⁵³,158,false,expert,,,,
NaMeoCaoBang-158_leg-1-1,NaMeoCaoBang-158_leg-1,lɔ³³,158,false,expert,,,,
Zhenmin-158_leg-1-1,Zhenmin-158_leg-1,pa³³,158,false,expert,,,,
Guncen-158_leg-1-1,Guncen-158_leg-1,pɛ1,158,false,expert,,,,
SouthernQiandong-158_leg-1-1,SouthernQiandong-158_leg-1,pe¹³,158,false,expert,,,,
Datu-158_leg-1-1,Datu-158_leg-1,pei²⁴,158,false,expert,,,,
Yangpai-158_leg-1-1,Yangpai-158_leg-1,pe³³,158,false,expert,,,,
EasternQiandong-158_leg-1-1,EasternQiandong-158_leg-1,qa³³pɛ²⁴,158,false,expert,,,,
Xiangao-158_leg-1-1,Xiangao-158_leg-1,pai³³,158,false,expert,,,,
WesternQiandong-158_leg-1-1,WesternQiandong-158_leg-1,qa³³pæ⁴⁴,158,false,expert,,,,
Baixing-158_leg-1-1,Baixing-158_leg-1,pɛ⁴⁴,158,false,expert,,,,
NorthernQiandong-158_leg-1-1,NorthernQiandong-158_leg-1,qa³³pa³³,158,false,expert,,,,
NaMeoTuyenQuang-159_liedown-1-1,NaMeoTuyenQuang-159_liedown-1,pi³⁵,159,false,expert,,,,
NaMeoTuyenQuang-160_light-1-1,NaMeoTuyenQuang-160_light-1,sʰei³³,160,false,expert,,,,
NaMeoTuyenQuang-161_lightning-1-1,NaMeoTuyenQuang-161_lightning-1,le³³hau⁵⁵,161,false,expert,,,,
NaMeoTuyenQuang-162_lightnotheavy-1-1,NaMeoTuyenQuang-162_lightnotheavy-1,phai⁵³,162,false,expert,,,,
NaMeoTuyenQuang-163_lip-1-1,NaMeoTuyenQuang-163_lip-1,lu³⁵ȵu⁵⁵,163,false,expert,,,,
NaMeoTuyenQuang-164_liveto-1-1,NaMeoTuyenQuang-164_liveto-1,gəu³³,164,false,expert,,,,
NaMeoTuyenQuang-165_liver-1-1,NaMeoTuyenQuang-165_liver-1,ŋui⁵⁵,165,false,expert,,,,
NaMeoTuyenQuang-166_long-1-1,NaMeoTuyenQuang-166_long-1,tai³³,166,false,expert,,,,
NaMeoTuyenQuang-167_lookto-1-1,NaMeoTuyenQuang-167_lookto-1,qha³³,167,false,expert,,,,
NaMeoTuyenQuang-168_lousebody-1-1,NaMeoTuyenQuang-168_lousebody-1,than⁵⁵,168,false,expert,,,,
NaMeoTuyenQuang-169_lousehead-1-1,NaMeoTuyenQuang-169_lousehead-1,kin³³həu⁵⁵,169,false,expert,,,,
NaMeoTuyenQuang-170_male-1-1,NaMeoTuyenQuang-170_male-1,tɕi³³kəu³⁵,170,false,expert,,,,
NaMeoTuyenQuang-171_market-1-1,NaMeoTuyenQuang-171_market-1,xi³⁵,171,false,expert,,,,
NaMeoTuyenQuang-172_meat-1-1,NaMeoTuyenQuang-172_meat-1,ʔi³⁵,172,false,expert,,,,
NaMeoTuyenQuang-173_midday-1-1,NaMeoTuyenQuang-173_midday-1,tjoŋ⁵³na⁵³,173,false,expert,,,,
NaMeoTuyenQuang-174_millet-1-1,NaMeoTuyenQuang-174_millet-1,ȵa³³nəi⁵⁵,174,false,expert,,,,
NaMeoTuyenQuang-175_money-1-1,NaMeoTuyenQuang-175_money-1,shaŋ⁵⁵,175,false,expert,,,,
Zhenmin-175_money-1-1,Zhenmin-175_money-1,seŋ⁵³,175,false,expert,,,,
SouthernQiandong-175_money-1-1,SouthernQiandong-175_money-1,sa³¹,175,false,expert,,,,
Datu-175_money-1-1,Datu-175_money-1,saŋ²²,175,false,expert,,,,
Yangpai-175_money-1-1,Yangpai-175_money-1,sei⁵⁵,175,false,expert,,,,
Xiangao-175_money-1-1,Xiangao-175_money-1,san⁴²,175,false,expert,,,,
WesternQiandong-175_money-1-1,WesternQiandong-175_money-1,pei³³se⁵⁵,175,false,expert,,,,
Baixing-175_money-1-1,Baixing-175_money-1,sen⁵⁵,175,false,expert,,,,
NorthernQiandong-175_money-1-1,NorthernQiandong-175_money-1,pi⁵⁵sei⁵⁵,175,false,expert,,,,
NaMeoTuyenQuang-176_monkey-1-1,NaMeoTuyenQuang-176_monkey-1,tɕəu³³lai³³,176,false,expert,,,,
NaMeoCaoBang-176_monkey-1-1,NaMeoCaoBang-176_monkey-1,tɑ²¹le²⁴,176,false,expert,,,,
Zhenmin-176_monkey-1-1,Zhenmin-176_monkey-1,lɑ³³,176,false,expert,,,,
Guncen-176_monkey-1-1,Guncen-176_monkey-1,ta1lɛ3,176,false,expert,,,,
SouthernQiandong-176_monkey-1-1,SouthernQiandong-176_monkey-1,tjeu¹³la¹³,176,false,expert,,,,
Datu-176_monkey-1-1,Datu-176_monkey-1,lɑŋ²⁴,176,false,expert,,,,
Yangpai-176_monkey-1-1,Yangpai-176_monkey-1,lei³³,176,false,expert,,,,
EasternQiandong-176_monkey-1-1,EasternQiandong-176_monkey-1,le²⁴,176,false,expert,,,,
Xiangao-176_monkey-1-1,Xiangao-176_monkey-1,le³³,176,false,expert,,,,
WesternQiandong-176_monkey-1-1,WesternQiandong-176_monkey-1,læ⁴⁴,176,false,expert,,,,
Baixing-176_monkey-1-1,Baixing-176_monkey-1,le⁴⁴,176,false,expert,,,,
NorthernQiandong-176_monkey-1-1,NorthernQiandong-176_monkey-1,lei³³,176,false,expert,,,,
NaMeoTuyenQuang-177_month-1-1,NaMeoTuyenQuang-177_month-1,ləi³⁵,177,false,expert,,,,
NaMeoTuyenQuang-178_moon-1-1,NaMeoTuyenQuang-178_moon-1,thau³³ləi³⁵,178,false,expert,,,,
NaMeoCaoBang-178_moon-1-1,NaMeoCaoBang-178_moon-1,lɑ²²lei²⁴,178,false,expert,,,,
Zhenmin-178_moon-1-1,Zhenmin-178_moon-1,li⁴⁴,178,false,expert,,,,
Guncen-178_moon-1-1,Guncen-178_moon-1,ləi5,178,false,expert,,,,
SouthernQiandong-178_moon-1-1,SouthernQiandong-178_moon-1,ɬei⁴⁴,178,false,expert,,,,
Datu-178_moon-1-1,Datu-178_moon-1,ɬɑ⁴⁴,178,false,expert,,,,
Yangpai-178_moon-1-1,Yangpai-178_moon-1,lɑ²¹,178,false,expert,,,,
EasternQiandong-178_moon-1-1,EasternQiandong-178_moon-1,la⁴⁴la⁴⁴,178,false,expert,,,,
Xiangao-178_moon-1-1,Xiangao-178_moon-1,li³⁵,178,false,expert,,,,
WesternQiandong-178_moon-1-1,WesternQiandong-178_moon-1,pɔ¹¹la³³,178,false,expert,,,,
Baixing-178_moon-1-1,Baixing-178_moon-1,la³³,178,false,expert,,,,
NorthernQiandong-178_moon-1-1,NorthernQiandong-178_moon-1,ɬʰa⁴⁴,178,false,expert,,,,
NaMeoTuyenQuang-179_morning-1-1,NaMeoTuyenQuang-179_morning-1,ʔdjoŋ³³ʔdai³⁵,179,false,expert,,,,
NaMeoTuyenQuang-180_mortar-1-1,NaMeoTuyenQuang-180_mortar-1,ma³³tɕau³⁵,180,false,expert,,,,
NaMeoTuyenQuang-181_mosquito-1-1,NaMeoTuyenQuang-181_mosquito-1,kin³³dʑu⁵⁵,181,false,expert,,,,
NaMeoTuyenQuang-182_mountain-1-1,NaMeoTuyenQuang-182_mountain-1,ɣin⁵⁵,182,false,expert,,,,
NaMeoTuyenQuang-183_mouth-1-1,NaMeoTuyenQuang-183_mouth-1,lau³⁵,183,false,expert,,,,
NaMeoTuyenQuang-184_mud-1-1,NaMeoTuyenQuang-184_mud-1,ʔɔŋ³³,184,false,expert,,,,
NaMeoTuyenQuang-185_mushroom-1-1,NaMeoTuyenQuang-185_mushroom-1,tɕəi³³,185,false,expert,,,,
NaMeoTuyenQuang-186_name-1-1,NaMeoTuyenQuang-186_name-1,pai³⁵,186,false,expert,,,,
NaMeoCaoBang-186_name-1-1,NaMeoCaoBang-186_name-1,pɑi³⁵,186,false,expert,,,,
Zhenmin-186_name-1-1,Zhenmin-186_name-1,pe⁴⁴,186,false,expert,,,,
SouthernQiandong-186_name-1-1,SouthernQiandong-186_name-1,pai⁴⁴,186,false,expert,,,,
Datu-186_name-1-1,Datu-186_name-1,pe⁴⁴,186,false,expert,,,,
Yangpai-186_name-1-1,Yangpai-186_name-1,pɑ²¹,186,false,expert,,,,
EasternQiandong-186_name-1-1,EasternQiandong-186_name-1,min²²tsɿ⁴⁴,186,false,expert,,,,
Xiangao-186_name-1-1,Xiangao-186_name-1,puei³⁵,186,false,expert,,,,
WesternQiandong-186_name-1-1,WesternQiandong-186_name-1,njaŋ⁵⁵poi³³,186,false,expert,,,,
Baixing-186_name-1-1,Baixing-186_name-1,pue³³,186,false,expert,,,,
NorthernQiandong-186_name-1-1,NorthernQiandong-186_name-1,zaŋ⁵⁵pi⁴⁴,186,false,expert,,,,
NaMeoTuyenQuang-187_narrow-1-1,NaMeoTuyenQuang-187_narrow-1,ŋe³³,187,false,expert,,,,
NaMeoCaoBang-187_narrow-1-1,NaMeoCaoBang-187_narrow-1,ȵɛ³¹ʔ,187,false,expert,,,,
Zhenmin-187_narrow-1-1,Zhenmin-187_narrow-1,ŋɑ²¹²,187,false,expert,,,,
Guncen-187_narrow-1-1,Guncen-187_narrow-1,ŋe8,187,false,expert,,,,
SouthernQiandong-187_narrow-1-1,SouthernQiandong-187_narrow-1,ŋa²⁴,187,false,expert,,,,
Datu-187_narrow-1-1,Datu-187_narrow-1,ŋɑ³⁵,187,false,expert,,,,
Yangpai-187_narrow-1-1,Yangpai-187_narrow-1,ŋei⁵³,187,false,expert,,,,
EasternQiandong-187_narrow-1-1,EasternQiandong-187_narrow-1,ŋe¹³,187,false,expert,,,,
Xiangao-187_narrow-1-1,Xiangao-187_narrow-1,ŋa²¹²,187,false,expert,,,,
WesternQiandong-187_narrow-1-1,WesternQiandong-187_narrow-1,ŋe⁵³,187,false,expert,,,,
Baixing-187_narrow-1-1,Baixing-187_narrow-1,ŋe⁵³,187,false,expert,,,,
NorthernQiandong-187_narrow-1-1,NorthernQiandong-187_narrow-1,ŋi³¹,187,false,expert,,,,
NaMeoTuyenQuang-188_navel-1-1,NaMeoTuyenQuang-188_navel-1,təu⁵³tɔ³⁵,188,false,expert,,,,
NaMeoTuyenQuang-189_near-1-1,NaMeoTuyenQuang-189_near-1,gəi³⁵,189,false,expert,,,,
NaMeoCaoBang-189_near-1-1,NaMeoCaoBang-189_near-1,gei³⁵,189,false,expert,,,,
Zhenmin-189_near-1-1,Zhenmin-189_near-1,ɣe⁴⁴,189,false,expert,,,,
Guncen-189_near-1-1,Guncen-189_near-1,ɣi5,189,false,expert,,,,
SouthernQiandong-189_near-1-1,SouthernQiandong-189_near-1,ɣei⁴⁴,189,false,expert,,,,
Datu-189_near-1-1,Datu-189_near-1,ɣe⁴⁴,189,false,expert,,,,
Yangpai-189_near-1-1,Yangpai-189_near-1,ɣi²¹,189,false,expert,,,,
EasternQiandong-189_near-1-1,EasternQiandong-189_near-1,ʑei⁴⁴,189,false,expert,,,,
Xiangao-189_near-1-1,Xiangao-189_near-1,ɣei³⁵,189,false,expert,,,,
WesternQiandong-189_near-1-1,WesternQiandong-189_near-1,ɣi³³,189,false,expert,,,,
Baixing-189_near-1-1,Baixing-189_near-1,ɣi³³,189,false,expert,,,,
NorthernQiandong-189_near-1-1,NorthernQiandong-189_near-1,ɣi⁴⁴,189,false,expert,,,,
NaMeoTuyenQuang-190_neck-1-1,NaMeoTuyenQuang-190_neck-1,qɔŋ³³,190,false,expert,,,,
NaMeoTuyenQuang-191_needle-1-1,NaMeoTuyenQuang-191_needle-1,tɕu⁵³,191,false,expert,,,,
NaMeoTuyenQuang-192_new-1-1,NaMeoTuyenQuang-192_new-1,qhan⁵³,192,false,expert,,,,
NaMeoTuyenQuang-193_night-1-1,NaMeoTuyenQuang-193_night-1,maŋ³⁵,193,false,expert,,,,
NaMeoTuyenQuang-194_nose-1-1,NaMeoTuyenQuang-194_nose-1,toŋ⁵⁵ŋui³³,194,false,expert,,,,
NaMeoCaoBang-194_nose-1-1,NaMeoCaoBang-194_nose-1,ȶɔŋ⁴⁴ŋoi³³,194,false,expert,,,,
Zhenmin-194_nose-1-1,Zhenmin-194_nose-1,nza²²,194,false,expert,,,,
Guncen-194_nose-1-1,Guncen-194_nose-1,qʰaŋ3ȵuə6,194,false,expert,,,,
SouthernQiandong-194_nose-1-1,SouthernQiandong-194_nose-1,tjam³¹ȵo²²,194,false,expert,,,,
Datu-194_nose-1-1,Datu-194_nose-1,nzau¹²,194,false,expert,,,,
Yangpai-194_nose-1-1,Yangpai-194_nose-1,nzu²³,194,false,expert,,,,
EasternQiandong-194_nose-1-1,EasternQiandong-194_nose-1,tjuŋ²⁴njy⁵³,194,false,expert,,,,
Xiangao-194_nose-1-1,Xiangao-194_nose-1,ȵai⁵³,194,false,expert,,,,
WesternQiandong-194_nose-1-1,WesternQiandong-194_nose-1,pɔ¹¹mja²²,194,false,expert,,,,
Baixing-194_nose-1-1,Baixing-194_nose-1,mjɛ⁴²,194,false,expert,,,,
NorthernQiandong-194_nose-1-1,NorthernQiandong-194_nose-1,po⁵⁵zɛ¹³,194,false,expert,,,,
NaMeoTuyenQuang-195_oil-1-1,NaMeoTuyenQuang-195_oil-1,zu³³,195,false,expert,,,,
NaMeoCaoBang-195_oil-1-1,NaMeoCaoBang-195_oil-1,ju³¹ʔ,195,false,expert,,,,
Zhenmin-195_oil-1-1,Zhenmin-195_oil-1,ȶu⁵³,195,false,expert,,,,
SouthernQiandong-195_oil-1-1,SouthernQiandong-195_oil-1,ʑu¹³,195,false,expert,,,,
Datu-195_oil-1-1,Datu-195_oil-1,ȶai²²,195,false,expert,,,,
Yangpai-195_oil-1-1,Yangpai-195_oil-1,ȶəu⁵⁵,195,false,expert,,,,
EasternQiandong-195_oil-1-1,EasternQiandong-195_oil-1,ʑeu²²,195,false,expert,,,,
Xiangao-195_oil-1-1,Xiangao-195_oil-1,tɕo⁴²,195,false,expert,,,,
WesternQiandong-195_oil-1-1,WesternQiandong-195_oil-1,ɣɔ⁴⁴,195,false,expert,,,,
Baixing-195_oil-1-1,Baixing-195_oil-1,ɕuɤ⁵⁵,195,false,expert,,,,
NorthernQiandong-195_oil-1-1,NorthernQiandong-195_oil-1,ʑu⁵⁵,195,false,expert,,,,
NaMeoTuyenQuang-196_oldcu-1-1,NaMeoTuyenQuang-196_oldcu-1,qau³⁵,196,false,expert,,,,
NaMeoTuyenQuang-197_oldgia-1-1,NaMeoTuyenQuang-197_oldgia-1,lɔ⁵³,197,false,expert,,,,
NaMeoTuyenQuang-198_opento-1-1,NaMeoTuyenQuang-198_opento-1,pɔ³⁵,198,false,expert,,,,
NaMeoTuyenQuang-199_oven-1-1,NaMeoTuyenQuang-199_oven-1,tɕa³³tɔ⁵³,199,false,expert,,,,
NaMeoTuyenQuang-200_pig-1-1,NaMeoTuyenQuang-200_pig-1,pai³⁵,200,false,expert,,,,
NaMeoTuyenQuang-201_plantto-1-1,NaMeoTuyenQuang-201_plantto-1,tɕi⁵³,201,false,expert,,,,
NaMeoTuyenQuang-202_plate-1-1,NaMeoTuyenQuang-202_plate-1,la³³ɬi⁵⁵,202,false,expert,,,,
NaMeoTuyenQuang-203_plow-1-1,NaMeoTuyenQuang-203_plow-1,li³³,203,false,expert,,,,
NaMeoTuyenQuang-204_poor-1-1,NaMeoTuyenQuang-204_poor-1,sa³⁵,204,false,expert,,,,
NaMeoTuyenQuang-205_potato-1-1,NaMeoTuyenQuang-205_potato-1,vɔ³³,205,false,expert,,,,
NaMeoTuyenQuang-206_pound-1-1,NaMeoTuyenQuang-206_pound-1,tam⁵³,206,false,expert,,,,
NaMeoTuyenQuang-207_rain-1-1,NaMeoTuyenQuang-207_rain-1,ta⁵⁵nɔŋ³³,207,false,expert,,,,
NaMeoTuyenQuang-208_rainbow-1-1,NaMeoTuyenQuang-208_rainbow-1,ta³³goŋ⁵⁵,208,false,expert,,,,
NaMeoTuyenQuang-209_rat-1-1,NaMeoTuyenQuang-209_rat-1,naŋ⁵³,209,false,expert,,,,
NaMeoTuyenQuang-210_red-1-1,NaMeoTuyenQuang-210_red-1,tɕhin³⁵,210,false,expert,,,,
NaMeoTuyenQuang-211_ricecooked-1-1,NaMeoTuyenQuang-211_ricecooked-1,ȵa⁵³,211,false,expert,,,,
NaMeoTuyenQuang-212_ricegrain-1-1,NaMeoTuyenQuang-212_ricegrain-1,sa³³,212,false,expert,,,,
NaMeoTuyenQuang-213_riceplant-1-1,NaMeoTuyenQuang-213_riceplant-1,nai⁵⁵,213,false,expert,,,,
NaMeoTuyenQuang-214_rich-1-1,NaMeoTuyenQuang-214_rich-1,ɬa³³,214,false,expert,,,,
NaMeoTuyenQuang-215_right-1-1,NaMeoTuyenQuang-215_right-1,tjɔ³³,215,false,expert,,,,
NaMeoTuyenQuang-216_rightside-1-1,NaMeoTuyenQuang-216_rightside-1,tɕei⁵³ɣəu³³,216,false,expert,,,,
NaMeoTuyenQuang-217_ripe-1-1,NaMeoTuyenQuang-217_ripe-1,pai⁵³ɕin³³,217,false,expert,,,,
NaMeoTuyenQuang-218_road-1-1,NaMeoTuyenQuang-218_road-1,qəi⁵⁵,218,false,expert,,,,
NaMeoTuyenQuang-219_roof-1-1,NaMeoTuyenQuang-219_roof-1,toŋ³⁵tɕai³³,219,false,expert,,,,
NaMeoTuyenQuang-220_rooster-1-1,NaMeoTuyenQuang-220_rooster-1,pi⁵⁵qai³³lɔ⁵³,220,false,expert,,,,
NaMeoTuyenQuang-221_root-1-1,NaMeoTuyenQuang-221_root-1,tcoŋ⁵⁵,221,false,expert,,,,
NaMeoTuyenQuang-222_rope-1-1,NaMeoTuyenQuang-222_rope-1,moŋ¹¹,222,false,expert,,,,
NaMeoCaoBang-222_rope-1-1,NaMeoCaoBang-222_rope-1,ɬɑ³⁵,222,false,expert,,,,
Zhenmin-222_rope-1-1,Zhenmin-222_rope-1,la⁴⁴,222,false,expert,,,,
SouthernQiandong-222_rope-1-1,SouthernQiandong-222_rope-1,tɬo⁴⁴,222,false,expert,,,,
Datu-222_rope-1-1,Datu-222_rope-1,ɬo³⁵,222,false,expert,,,,
Yangpai-222_rope-1-1,Yangpai-222_rope-1,le²¹,222,false,expert,,,,
EasternQiandong-222_rope-1-1,EasternQiandong-222_rope-1,lɛ⁴⁴,222,false,expert,,,,
Xiangao-222_rope-1-1,Xiangao-222_rope-1,ɬai⁴⁴,222,false,expert,,,,
WesternQiandong-222_rope-1-1,WesternQiandong-222_rope-1,læ³³,222,false,expert,,,,
Baixing-222_rope-1-1,Baixing-222_rope-1,lɛ³³,222,false,expert,,,,
NorthernQiandong-222_rope-1-1,NorthernQiandong-222_rope-1,ɬʰa⁴⁴,222,false,expert,,,,
NaMeoTuyenQuang-223_rotten-1-1,NaMeoTuyenQuang-223_rotten-1,lui⁵⁵,223,false,expert,,,,
NaMeoTuyenQuang-224_sad-1-1,NaMeoTuyenQuang-224_sad-1,tɕan³⁵,224,false,expert,,,,
NaMeoTuyenQuang-225_salt-1-1,NaMeoTuyenQuang-225_salt-1,tɕei³³qa⁵³,225,false,expert,,,,
NaMeoTuyenQuang-226_salty-1-1,NaMeoTuyenQuang-226_salty-1,han³⁵,226,false,expert,,,,
NaMeoTuyenQuang-227_sand-1-1,NaMeoTuyenQuang-227_sand-1,ɣei³³sʰai³⁵,227,false,expert,,,,
NaMeoTuyenQuang-228_second2-1-1,NaMeoTuyenQuang-228_second2-1,tɕu³³ɔ⁵³,228,false,expert,,,,
NaMeoTuyenQuang-229_see-1-1,NaMeoTuyenQuang-229_see-1,pu³³,229,false,expert,,,,
NaMeoTuyenQuang-230_sell-1-1,NaMeoTuyenQuang-230_sell-1,ma⁵³,230,false,expert,,,,
NaMeoTuyenQuang-231_sew-1-1,NaMeoTuyenQuang-231_sew-1,mai³⁵,231,false,expert,,,,
NaMeoTuyenQuang-232_sharp-1-1,NaMeoTuyenQuang-232_sharp-1,ɣa³³,232,false,expert,,,,
NaMeoTuyenQuang-233_sheep-1-1,NaMeoTuyenQuang-233_sheep-1,ta⁵³le³³,233,false,expert,,,,
NaMeoTuyenQuang-234_shirt-1-1,NaMeoTuyenQuang-234_shirt-1,ɔ³³tai³³,234,false,expert,,,,
NaMeoTuyenQuang-235_show-1-1,NaMeoTuyenQuang-235_show-1,hai⁵³,235,false,expert,,,,
NaMeoTuyenQuang-236_shoot-1-1,NaMeoTuyenQuang-236_shoot-1,mu⁵³paŋ³³,236,false,expert,,,,
NaMeoTuyenQuang-237_short-1-1,NaMeoTuyenQuang-237_short-1,la³³,237,false,expert,,,,
NaMeoCaoBang-237_short-1-1,NaMeoCaoBang-237_short-1,lɑ³⁵,237,false,expert,,,,
Zhenmin-237_short-1-1,Zhenmin-237_short-1,lɑ³⁵,237,false,expert,,,,
Guncen-237_short-1-1,Guncen-237_short-1,la3,237,false,expert,,,,
SouthernQiandong-237_short-1-1,SouthernQiandong-237_short-1,lo⁵³,237,false,expert,,,,
Datu-237_short-1-1,Datu-237_short-1,leŋ³³,237,false,expert,,,,
Yangpai-237_short-1-1,Yangpai-237_short-1,lɛ⁴⁴,237,false,expert,,,,
EasternQiandong-237_short-1-1,EasternQiandong-237_short-1,lei³³,237,false,expert,,,,
Xiangao-237_short-1-1,Xiangao-237_short-1,la²²,237,false,expert,,,,
WesternQiandong-237_short-1-1,WesternQiandong-237_short-1,lei¹³,237,false,expert,,,,
Baixing-237_short-1-1,Baixing-237_short-1,lei¹³,237,false,expert,,,,
NorthernQiandong-237_short-1-1,NorthernQiandong-237_short-1,lɛ³⁵,237,false,expert,,,,
NaMeoTuyenQuang-238_shoulder-1-1,NaMeoTuyenQuang-238_shoulder-1,ku³³tɕəi⁵³,238,false,expert,,,,
NaMeoTuyenQuang-239_shrimp-1-1,NaMeoTuyenQuang-239_shrimp-1,kin³³qhɔŋ⁵³,239,false,expert,,,,
NaMeoTuyenQuang-240_sick-1-1,NaMeoTuyenQuang-240_sick-1,tɕin⁵⁵tɕəŋ³³,240,false,expert,,,,
NaMeoTuyenQuang-241_silver-1-1,NaMeoTuyenQuang-241_silver-1,saŋ⁵⁵khɬɔ³³,241,false,expert,,,,
NaMeoTuyenQuang-242_sit-1-1,NaMeoTuyenQuang-242_sit-1,ȵaŋ³³tai⁵³,242,false,expert,,,,
NaMeoTuyenQuang-243_skin-1-1,NaMeoTuyenQuang-243_skin-1,lu³⁵,243,false,expert,,,,
NaMeoTuyenQuang-244_skirt-1-1,NaMeoTuyenQuang-244_skirt-1,tau⁵³thəu³³,244,false,expert,,,,
NaMeoTuyenQuang-245_sky-1-1,NaMeoTuyenQuang-245_sky-1,va⁵⁵,245,false,expert,,,,
NaMeoTuyenQuang-246_sleep-1-1,NaMeoTuyenQuang-246_sleep-1,pi³⁵,246,false,expert,,,,
NaMeoTuyenQuang-247_small-1-1,NaMeoTuyenQuang-247_small-1,la³³zu³⁵,247,false,expert,,,,
NaMeoTuyenQuang-248_smoke-1-1,NaMeoTuyenQuang-248_smoke-1,nou³³ȵu³⁵,248,false,expert,,,,
NaMeoTuyenQuang-249_snake-1-1,NaMeoTuyenQuang-249_snake-1,naŋ⁵³,249,false,expert,,,,
NaMeoTuyenQuang-250_sniffsmell-1-1,NaMeoTuyenQuang-250_sniffsmell-1,maŋ³⁵,250,false,expert,,,,
NaMeoTuyenQuang-251_snow-1-1,NaMeoTuyenQuang-251_snow-1,khai³³u¹¹pa³⁵,251,false,expert,,,,
NaMeoTuyenQuang-252_son-1-1,NaMeoTuyenQuang-252_son-1,ta⁵³tɕin³³,252,false,expert,,,,
NaMeoTuyenQuang-253_sour-1-1,NaMeoTuyenQuang-253_sour-1,sʰu⁵³,253,false,expert,,,,
NaMeoCaoBang-253_sour-1-1,NaMeoCaoBang-253_sour-1,ɕu³³,253,false,expert,,,,
Zhenmin-253_sour-1-1,Zhenmin-253_sour-1,ɕu³³,253,false,expert,,,,
SouthernQiandong-253_sour-1-1,SouthernQiandong-253_sour-1,ɕu¹³,253,false,expert,,,,
Datu-253_sour-1-1,Datu-253_sour-1,ɕu³³,253,false,expert,,,,
Yangpai-253_sour-1-1,Yangpai-253_sour-1,ɕu³³,253,false,expert,,,,
EasternQiandong-253_sour-1-1,EasternQiandong-253_sour-1,ɕeu²⁴,253,false,expert,,,,
Xiangao-253_sour-1-1,Xiangao-253_sour-1,ɕo³³,253,false,expert,,,,
WesternQiandong-253_sour-1-1,WesternQiandong-253_sour-1,ɕʰu⁴⁴,253,false,expert,,,,
Baixing-253_sour-1-1,Baixing-253_sour-1,ɕʰuɤ⁴⁴,253,false,expert,,,,
NorthernQiandong-253_sour-1-1,NorthernQiandong-253_sour-1,ɕʰu³³,253,false,expert,,,,
NaMeoTuyenQuang-254_spider-1-1,NaMeoTuyenQuang-254_spider-1,kin³³qe³³,254,false,expert,,,,
NaMeoTuyenQuang-255_standup-1-1,NaMeoTuyenQuang-255_standup-1,shɔ³³va⁵⁵,255,false,expert,,,,
NaMeoTuyenQuang-256_star-1-1,NaMeoTuyenQuang-256_star-1,ta⁵⁵qa³³,256,false,expert,,,,
NaMeoCaoBang-256_star-1-1,NaMeoCaoBang-256_star-1,tɑ³³qɑ³³,256,false,expert,,,,
Zhenmin-256_star-1-1,Zhenmin-256_star-1,qɑ³³,256,false,expert,,,,
Guncen-256_star-1-1,Guncen-256_star-1,ta1qa1,256,false,expert,,,,
SouthernQiandong-256_star-1-1,SouthernQiandong-256_star-1,to³¹qo¹³,256,false,expert,,,,
Datu-256_star-1-1,Datu-256_star-1,qeŋ²⁴,256,false,expert,,,,
Yangpai-256_star-1-1,Yangpai-256_star-1,qɛ³³,256,false,expert,,,,
EasternQiandong-256_star-1-1,EasternQiandong-256_star-1,qei²⁴qei²⁴,256,false,expert,,,,
Xiangao-256_star-1-1,Xiangao-256_star-1,qa³³,256,false,expert,,,,
WesternQiandong-256_star-1-1,WesternQiandong-256_star-1,tei⁴⁴qei⁴⁴,256,false,expert,,,,
Baixing-256_star-1-1,Baixing-256_star-1,qei⁴⁴,256,false,expert,,,,
NorthernQiandong-256_star-1-1,NorthernQiandong-256_star-1,tɛ³³qɛ³³,256,false,expert,,,,
NaMeoTuyenQuang-257_steal-1-1,NaMeoTuyenQuang-257_steal-1,a⁵⁵ȵin³³,257,false,expert,,,,
NaMeoTuyenQuang-258_stone-1-1,NaMeoTuyenQuang-258_stone-1,gəi⁵³,258,false,expert,,,,
NaMeoCaoBang-258_stone-1-1,NaMeoCaoBang-258_stone-1,ge³³,258,false,expert,,,,
Zhenmin-258_stone-1-1,Zhenmin-258_stone-1,ɣe³³,258,false,expert,,,,
Guncen-258_stone-1-1,Guncen-258_stone-1,ɣi1,258,false,expert,,,,
SouthernQiandong-258_stone-1-1,SouthernQiandong-258_stone-1,ɣei¹³,258,false,expert,,,,
Datu-258_stone-1-1,Datu-258_stone-1,ɣe²⁴,258,false,expert,,,,
Yangpai-258_stone-1-1,Yangpai-258_stone-1,ɣi³³,258,false,expert,,,,
EasternQiandong-258_stone-1-1,EasternQiandong-258_stone-1,ʑei²⁴,258,false,expert,,,,
Xiangao-258_stone-1-1,Xiangao-258_stone-1,ɣei³³,258,false,expert,,,,
WesternQiandong-258_stone-1-1,WesternQiandong-258_stone-1,pɔ¹³ɣi⁴⁴,258,false,expert,,,,
Baixing-258_stone-1-1,Baixing-258_stone-1,ɣi²⁴,258,false,expert,,,,
NorthernQiandong-258_stone-1-1,NorthernQiandong-258_stone-1,ɣi³³,258,false,expert,,,,
NaMeoTuyenQuang-259_storm-1-1,NaMeoTuyenQuang-259_storm-1,khɔ³³tɕi³⁵,259,false,expert,,,,
NaMeoTuyenQuang-260_strong-1-1,NaMeoTuyenQuang-260_strong-1,aŋ³³qəu²²,260,false,expert,,,,
NaMeoTuyenQuang-261_stupid-1-1,NaMeoTuyenQuang-261_stupid-1,va³³,261,false,expert,,,,
NaMeoTuyenQuang-262_suck-1-1,NaMeoTuyenQuang-262_suck-1,u³⁵,262,false,expert,,,,
NaMeoTuyenQuang-263_sugarcane-1-1,NaMeoTuyenQuang-263_sugarcane-1,təu³⁵taŋ³³,263,false,expert,,,,
NaMeoTuyenQuang-264_summerwetseason-1-1,NaMeoTuyenQuang-264_summerwetseason-1,mua³³qha³³,264,false,expert,,,,
NaMeoTuyenQuang-265_sun-1-1,NaMeoTuyenQuang-265_sun-1,thau³³na³³,265,false,expert,,,,
NaMeoCaoBang-265_sun-1-1,NaMeoCaoBang-265_sun-1,lɑ³³nɑ³³,265,false,expert,,,,
Zhenmin-265_sun-1-1,Zhenmin-265_sun-1,na³³,265,false,expert,,,,
Guncen-265_sun-1-1,Guncen-265_sun-1,la1na1,265,false,expert,,,,
SouthernQiandong-265_sun-1-1,SouthernQiandong-265_sun-1,n̥o¹³,265,false,expert,,,,
Datu-265_sun-1-1,Datu-265_sun-1,n̥oŋ²⁴,265,false,expert,,,,
Yangpai-265_sun-1-1,Yangpai-265_sun-1,nɛ³³,265,false,expert,,,,
EasternQiandong-265_sun-1-1,EasternQiandong-265_sun-1,qʰaŋ³³nei²⁴,265,false,expert,,,,
Xiangao-265_sun-1-1,Xiangao-265_sun-1,neŋ³³,265,false,expert,,,,
WesternQiandong-265_sun-1-1,WesternQiandong-265_sun-1,pɔ¹¹nei⁴⁴,265,false,expert,,,,
Baixing-265_sun-1-1,Baixing-265_sun-1,nei⁴⁴,265,false,expert,,,,
NorthernQiandong-265_sun-1-1,NorthernQiandong-265_sun-1,n̥ɛ³³,265,false,expert,,,,
NaMeoTuyenQuang-266_sweet-1-1,NaMeoTuyenQuang-266_sweet-1,qan⁵³,266,false,expert,,,,
NaMeoTuyenQuang-267_table-1-1,NaMeoTuyenQuang-267_table-1,la³³baŋ⁵³,267,false,expert,,,,
NaMeoTuyenQuang-268_tail-1-1,NaMeoTuyenQuang-268_tail-1,tui⁵⁵,268,false,expert,,,,
NaMeoCaoBang-268_tail-1-1,NaMeoCaoBang-268_tail-1,tõi³⁵⁴,268,false,expert,,,,
Zhenmin-268_tail-1-1,Zhenmin-268_tail-1,ta³⁵,268,false,expert,,,,
SouthernQiandong-268_tail-1-1,SouthernQiandong-268_tail-1,tɔ⁵³,268,false,expert,,,,
Datu-268_tail-1-1,Datu-268_tail-1,tau³³,268,false,expert,,,,
Yangpai-268_tail-1-1,Yangpai-268_tail-1,tɑ⁴⁴,268,false,expert,,,,
EasternQiandong-268_tail-1-1,EasternQiandong-268_tail-1,qa³³tue³³,268,false,expert,,,,
Xiangao-268_tail-1-1,Xiangao-268_tail-1,tai²²,268,false,expert,,,,
WesternQiandong-268_tail-1-1,WesternQiandong-268_tail-1,qa³³tua¹³,268,false,expert,,,,
Baixing-268_tail-1-1,Baixing-268_tail-1,tuɛ¹³,268,false,expert,,,,
NorthernQiandong-268_tail-1-1,NorthernQiandong-268_tail-1,qa³³tɛ³⁵,268,false,expert,,,,
NaMeoTuyenQuang-269_tall-1-1,NaMeoTuyenQuang-269_tall-1,qhaŋ⁵³,269,false,expert,,,,
NaMeoTuyenQuang-270_termite-1-1,NaMeoTuyenQuang-270_termite-1,kin³³qui³⁵,270,false,expert,,,,
NaMeoTuyenQuang-271_that-1-1,NaMeoTuyenQuang-271_that-1,ka³³mɔ⁵³,271,false,expert,,,,
NaMeoTuyenQuang-272_they-1-1,NaMeoTuyenQuang-272_they-1,tja⁵³,272,false,expert,,,,
NaMeoTuyenQuang-273_thick-1-1,NaMeoTuyenQuang-273_thick-1,tai⁵³,273,false,expert,,,,
Zhenmin-273_thick-1-1,Zhenmin-273_thick-1,ta³³,273,false,expert,,,,
Guncen-273_thick-1-1,Guncen-273_thick-1,tɛ1,273,false,expert,,,,
SouthernQiandong-273_thick-1-1,SouthernQiandong-273_thick-1,tɛ¹³,273,false,expert,,,,
Datu-273_thick-1-1,Datu-273_thick-1,tei²⁴,273,false,expert,,,,
Yangpai-273_thick-1-1,Yangpai-273_thick-1,te³³,273,false,expert,,,,
EasternQiandong-273_thick-1-1,EasternQiandong-273_thick-1,tɛ²⁴,273,false,expert,,,,
Xiangao-273_thick-1-1,Xiangao-273_thick-1,tai³³,273,false,expert,,,,
WesternQiandong-273_thick-1-1,WesternQiandong-273_thick-1,tæ⁴⁴,273,false,expert,,,,
Baixing-273_thick-1-1,Baixing-273_thick-1,tɛ⁴⁴,273,false,expert,,,,
NorthernQiandong-273_thick-1-1,NorthernQiandong-273_thick-1,ta³³,273,false,expert,,,,
NaMeoTuyenQuang-274_thin-1-1,NaMeoTuyenQuang-274_thin-1,ȵiŋ⁵³,274,false,expert,,,,
Zhenmin-274_thin-1-1,Zhenmin-274_thin-1,ȵʑeŋ²¹,274,false,expert,,,,
Guncen-274_thin-1-1,Guncen-274_thin-1,ȵiŋ4,274,false,expert,,,,
SouthernQiandong-274_thin-1-1,SouthernQiandong-274_thin-1,ȵan²⁴¹,274,false,expert,,,,
Datu-274_thin-1-1,Datu-274_thin-1,ȵɑŋ²¹,274,false,expert,,,,
Yangpai-274_thin-1-1,Yangpai-274_thin-1,ȵe²²,274,false,expert,,,,
EasternQiandong-274_thin-1-1,EasternQiandong-274_thin-1,njan²¹²,274,false,expert,,,,
Xiangao-274_thin-1-1,Xiangao-274_thin-1,ȵan²¹,274,false,expert,,,,
WesternQiandong-274_thin-1-1,WesternQiandong-274_thin-1,nje²¹,274,false,expert,,,,
Baixing-274_thin-1-1,Baixing-274_thin-1,ȵe²⁴,274,false,expert,,,,
NorthernQiandong-274_thin-1-1,NorthernQiandong-274_thin-1,njaŋ¹¹,274,false,expert,,,,
NaMeoTuyenQuang-275_this-1-1,NaMeoTuyenQuang-275_this-1,nəŋ⁵⁵,275,false,expert,,,,
NaMeoCaoBang-275_this-1-1,NaMeoCaoBang-275_this-1,nɔ⁵³,275,false,expert,,,,
Zhenmin-275_this-1-1,Zhenmin-275_this-1,nɑ³⁵,275,false,expert,,,,
SouthernQiandong-275_this-1-1,SouthernQiandong-275_this-1,na⁵³,275,false,expert,,,,
Datu-275_this-1-1,Datu-275_this-1,nɑu³³,275,false,expert,,,,
Yangpai-275_this-1-1,Yangpai-275_this-1,nɑŋ⁴⁴,275,false,expert,,,,
EasternQiandong-275_this-1-1,EasternQiandong-275_this-1,neŋ³³,275,false,expert,,,,
Xiangao-275_this-1-1,Xiangao-275_this-1,neŋ²²,275,false,expert,,,,
WesternQiandong-275_this-1-1,WesternQiandong-275_this-1,naŋ¹³,275,false,expert,,,,
Baixing-275_this-1-1,Baixing-275_this-1,naŋ¹³,275,false,expert,,,,
NorthernQiandong-275_this-1-1,NorthernQiandong-275_this-1,noŋ³⁵,275,false,expert,,,,
NaMeoTuyenQuang-276_thunder-1-1,NaMeoTuyenQuang-276_thunder-1,pəu³⁵hau³³,276,false,expert,,,,
NaMeoCaoBang-276_thunder-1-1,NaMeoCaoBang-276_thunder-1,u³³tɑi²⁴,276,false,expert,,,,
Zhenmin-276_thunder-1-1,Zhenmin-276_thunder-1,ho³³,276,false,expert,,,,
Guncen-276_thunder-1-1,Guncen-276_thunder-1,hau1,276,false,expert,,,,
SouthernQiandong-276_thunder-1-1,SouthernQiandong-276_thunder-1,pu⁴⁴fu¹³,276,false,expert,,,,
Datu-276_thunder-1-1,Datu-276_thunder-1,pʰo³⁴,276,false,expert,,,,
Yangpai-276_thunder-1-1,Yangpai-276_thunder-1,fu³³,276,false,expert,,,,
EasternQiandong-276_thunder-1-1,EasternQiandong-276_thunder-1,hou²⁴,276,false,expert,,,,
Xiangao-276_thunder-1-1,Xiangao-276_thunder-1,hɑu³³,276,false,expert,,,,
WesternQiandong-276_thunder-1-1,WesternQiandong-276_thunder-1,heɯ⁴⁴,276,false,expert,,,,
Baixing-276_thunder-1-1,Baixing-276_thunder-1,hɤu⁴⁴,276,false,expert,,,,
NorthernQiandong-276_thunder-1-1,NorthernQiandong-276_thunder-1,ho³³,276,false,expert,,,,
NaMeoTuyenQuang-277_tick-1-1,NaMeoTuyenQuang-277_tick-1,lui³³,277,false,expert,,,,
NaMeoTuyenQuang-278_tongue-1-1,NaMeoTuyenQuang-278_tongue-1,ne¹¹,278,false,expert,,,,
NaMeoTuyenQuang-279_tooth-1-1,NaMeoTuyenQuang-279_tooth-1,maŋ³³,279,false,expert,,,,
NaMeoCaoBang-279_tooth-1-1,NaMeoCaoBang-279_tooth-1,mɑŋ̃ ⁴⁵³,279,false,expert,,,,
Zhenmin-279_tooth-1-1,Zhenmin-279_tooth-1,mɑŋ³⁵,279,false,expert,,,,
Guncen-279_tooth-1-1,Guncen-279_tooth-1,tsəi3ma6,279,false,expert,,,,
SouthernQiandong-279_tooth-1-1,SouthernQiandong-279_tooth-1,kwe⁴⁴,279,false,expert,,,,
Datu-279_tooth-1-1,Datu-279_tooth-1,m̥ ei³³,279,false,expert,,,,
Yangpai-279_tooth-1-1,Yangpai-279_tooth-1,mei⁴⁴,279,false,expert,,,,
EasternQiandong-279_tooth-1-1,EasternQiandong-279_tooth-1,mi³³,279,false,expert,,,,
Xiangao-279_tooth-1-1,Xiangao-279_tooth-1,me²²,279,false,expert,,,,
WesternQiandong-279_tooth-1-1,WesternQiandong-279_tooth-1,me¹³,279,false,expert,,,,
Baixing-279_tooth-1-1,Baixing-279_tooth-1,me¹³,279,false,expert,,,,
NorthernQiandong-279_tooth-1-1,NorthernQiandong-279_tooth-1,m̥ i³⁵,279,false,expert,,,,
NaMeoTuyenQuang-280_tree-1-1,NaMeoTuyenQuang-280_tree-1,təu³⁵,280,false,expert,,,,
NaMeoTuyenQuang-281_trousers-1-1,NaMeoTuyenQuang-281_trousers-1,tau⁵³,281,false,expert,,,,
NaMeoTuyenQuang-282_turtle-1-1,NaMeoTuyenQuang-282_turtle-1,ta⁵³tau³³,282,false,expert,,,,
NaMeoTuyenQuang-283_unripe-1-1,NaMeoTuyenQuang-283_unripe-1,pai⁵³ɕin³³?,283,false,expert,,,,
NaMeoTuyenQuang-284_vegetable-1-1,NaMeoTuyenQuang-284_vegetable-1,ɣɔ³¹,284,false,expert,,,,
NaMeoTuyenQuang-285_villagenamekhuanhe-1-1,NaMeoTuyenQuang-285_villagenamekhuanhe-1,khwəŋ³³hɛ⁵⁵,285,false,expert,,,,
NaMeoTuyenQuang-286_wall-1-1,NaMeoTuyenQuang-286_wall-1,soŋ⁵⁵tja⁵⁵,286,false,expert,,,,
NaMeoTuyenQuang-287_warm-1-1,NaMeoTuyenQuang-287_warm-1,sʰou³³,287,false,expert,,,,
NaMeoTuyenQuang-288_water-1-1,NaMeoTuyenQuang-288_water-1,u⁵³,288,false,expert,,,,
NaMeoTuyenQuang-289_weexcl-1-1,NaMeoTuyenQuang-289_weexcl-1,pa³³va⁵³ni³⁵,289,false,expert,,,,
NaMeoTuyenQuang-290_weincl-1-1,NaMeoTuyenQuang-290_weincl-1,mi³³pai⁵³,290,false,expert,,,,
NaMeoCaoBang-290_weincl-1-1,NaMeoCaoBang-290_weincl-1,mi³³pɑi³³,290,false,expert,,,,
Zhenmin-290_weincl-1-1,Zhenmin-290_weincl-1,pe³³,290,false,expert,,,,
SouthernQiandong-290_weincl-1-1,SouthernQiandong-290_weincl-1,pai¹³,290,false,expert,,,,
Datu-290_weincl-1-1,Datu-290_weincl-1,pe²⁴,290,false,expert,,,,
Yangpai-290_weincl-1-1,Yangpai-290_weincl-1,pi³³,290,false,expert,,,,
EasternQiandong-290_weincl-1-1,EasternQiandong-290_weincl-1,pɛ²⁴,290,false,expert,,,,
Xiangao-290_weincl-1-1,Xiangao-290_weincl-1,pei³³,290,false,expert,,,,
WesternQiandong-290_weincl-1-1,WesternQiandong-290_weincl-1,poi⁴⁴seɯ³³,290,false,expert,,,,
Baixing-290_weincl-1-1,Baixing-290_weincl-1,pue⁴⁴,290,false,expert,,,,
NorthernQiandong-290_weincl-1-1,NorthernQiandong-290_weincl-1,pi³³,290,false,expert,,,,
NaMeoTuyenQuang-291_weak-1-1,NaMeoTuyenQuang-291_weak-1,ma³³ʔaŋ²²,291,false,expert,,,,
NaMeoTuyenQuang-292_wet-1-1,NaMeoTuyenQuang-292_wet-1,sʰou¹¹,292,false,expert,,,,
NaMeoTuyenQuang-293_what-1-1,NaMeoTuyenQuang-293_what-1,ȵu⁵³,293,false,expert,,,,
NaMeoTuyenQuang-294_wheat-1-1,NaMeoTuyenQuang-294_wheat-1,nai³³,294,false,expert,,,,
NaMeoTuyenQuang-295_when-1-1,NaMeoTuyenQuang-295_when-1,sai⁵⁵te³³,295,false,expert,,,,
NaMeoTuyenQuang-296_where-1-1,NaMeoTuyenQuang-296_where-1,qa³³te⁵⁵,296,false,expert,,,,
NaMeoTuyenQuang-297_which-1-1,NaMeoTuyenQuang-297_which-1,nɔ⁵³,297,false,expert,,,,
NaMeoTuyenQuang-298_white-1-1,NaMeoTuyenQuang-298_white-1,ɬɔ⁵³,298,false,expert,,,,
NaMeoCaoBang-298_white-1-1,NaMeoCaoBang-298_white-1,ɬjɔ³¹,298,false,expert,,,,
Zhenmin-298_white-1-1,Zhenmin-298_white-1,ɬɒ³³,298,false,expert,,,,
SouthernQiandong-298_white-1-1,SouthernQiandong-298_white-1,tɬa¹³,298,false,expert,,,,
Datu-298_white-1-1,Datu-298_white-1,ɬou²⁴,298,false,expert,,,,
Yangpai-298_white-1-1,Yangpai-298_white-1,ɬɤu³³,298,false,expert,,,,
EasternQiandong-298_white-1-1,EasternQiandong-298_white-1,so²⁴,298,false,expert,,,,
Xiangao-298_white-1-1,Xiangao-298_white-1,ɬau³³,298,false,expert,,,,
WesternQiandong-298_white-1-1,WesternQiandong-298_white-1,ɬo⁴⁴,298,false,expert,,,,
Baixing-298_white-1-1,Baixing-298_white-1,ɬo⁴⁴,298,false,expert,,,,
NorthernQiandong-298_white-1-1,NorthernQiandong-298_white-1,ɬu³³,298,false,expert,,,,
NaMeoTuyenQuang-299_who-1-1,NaMeoTuyenQuang-299_who-1,qu³³tɕai⁵⁵,299,false,expert,,,,
NaMeoTuyenQuang-300_wide-1-1,NaMeoTuyenQuang-300_wide-1,quŋ³³,300,false,expert,,,,
NaMeoCaoBang-300_wide-1-1,NaMeoCaoBang-300_wide-1,kuɑn³⁵,300,false,expert,,,,
Zhenmin-300_wide-1-1,Zhenmin-300_wide-1,feŋ³⁵,300,false,expert,,,,
Guncen-300_wide-1-1,Guncen-300_wide-1,fəŋ3,300,false,expert,,,,
SouthernQiandong-300_wide-1-1,SouthernQiandong-300_wide-1,kwen⁵³,300,false,expert,,,,
Datu-300_wide-1-1,Datu-300_wide-1,fɑŋ³³,300,false,expert,,,,
Yangpai-300_wide-1-1,Yangpai-300_wide-1,fɑ⁴⁴,300,false,expert,,,,
EasternQiandong-300_wide-1-1,EasternQiandong-300_wide-1,fan³³,300,false,expert,,,,
Xiangao-300_wide-1-1,Xiangao-300_wide-1,fan²²,300,false,expert,,,,
WesternQiandong-300_wide-1-1,WesternQiandong-300_wide-1,kuæ̃¹³,300,false,expert,,,,
Baixing-300_wide-1-1,Baixing-300_wide-1,kwɛ¹³,300,false,expert,,,,
NorthernQiandong-300_wide-1-1,NorthernQiandong-300_wide-1,faŋ³⁵,300,false,expert,,,,
NaMeoTuyenQuang-301_wife-1-1,NaMeoTuyenQuang-301_wife-1,vai³³,301,false,expert,,,,
NaMeoTuyenQuang-302_wind-1-1,NaMeoTuyenQuang-302_wind-1,qhɔ³³tɕi³⁵,302,false,expert,,,,
NaMeoTuyenQuang-303_window-1-1,NaMeoTuyenQuang-303_window-1,tin⁵³tan³³,303,false,expert,,,,
NaMeoTuyenQuang-304_wing-1-1,NaMeoTuyenQuang-304_wing-1,təi³⁵,304,false,expert,,,,
NaMeoTuyenQuang-305_winterdryseason-1-1,NaMeoTuyenQuang-305_winterdryseason-1,mua³³sʰaŋ⁵³,305,false,expert,,,,
NaMeoTuyenQuang-306_woman-1-1,NaMeoTuyenQuang-306_woman-1,tɕi³³vɔ³⁵,306,false,expert,,,,
NaMeoTuyenQuang-307_wood-1-1,NaMeoTuyenQuang-307_wood-1,paŋ³³,307,false,expert,,,,
NaMeoTuyenQuang-308_work-1-1,NaMeoTuyenQuang-308_work-1,a³³qəu³¹,308,false,expert,,,,
NaMeoTuyenQuang-309_worm-1-1,NaMeoTuyenQuang-309_worm-1,kin³³tɕɔŋ³¹,309,false,expert,,,,
NaMeoTuyenQuang-310_yam-1-1,NaMeoTuyenQuang-310_yam-1,na³³taŋ¹¹,310,false,expert,,,,
NaMeoTuyenQuang-311_yawn-1-1,NaMeoTuyenQuang-311_yawn-1,pai³³lau³⁵,311,false,expert,,,,
NaMeoTuyenQuang-312_year-1-1,NaMeoTuyenQuang-312_year-1,ȵu³⁵,312,false,expert,,,,
NaMeoTuyenQuang-313_yellow-1-1,NaMeoTuyenQuang-313_yellow-1,quŋ⁵⁵,313,false,expert,,,,
NaMeoCaoBang-313_yellow-1-1,NaMeoCaoBang-313_yellow-1,kuɑn⁵³,313,false,expert,,,,
Zhenmin-313_yellow-1-1,Zhenmin-313_yellow-1,feŋ⁵³,313,false,expert,,,,
SouthernQiandong-313_yellow-1-1,SouthernQiandong-313_yellow-1,kwen³¹,313,false,expert,,,,
Datu-313_yellow-1-1,Datu-313_yellow-1,fɑŋ²²,313,false,expert,,,,
Yangpai-313_yellow-1-1,Yangpai-313_yellow-1,fɑ⁵⁵,313,false,expert,,,,
EasternQiandong-313_yellow-1-1,EasternQiandong-313_yellow-1,fan²²,313,false,expert,,,,
Xiangao-313_yellow-1-1,Xiangao-313_yellow-1,fau⁴²,313,false,expert,,,,
WesternQiandong-313_yellow-1-1,WesternQiandong-313_yellow-1,kuæ̃⁵⁵,313,false,expert,,,,
Baixing-313_yellow-1-1,Baixing-313_yellow-1,kwɛ⁵⁵,313,false,expert,,,,
NorthernQiandong-313_yellow-1-1,NorthernQiandong-313_yellow-1,faŋ⁵⁵,313,false,expert,,,,
NaMeoTuyenQuang-314_young-1-1,NaMeoTuyenQuang-314_young-1,ni⁵³,314,false,expert,,,,
NaMeoTuyenQuang-315_youplural-1-1,NaMeoTuyenQuang-315_youplural-1,tɕi³³təi⁵⁵,315,false,expert,,,,
